#,Name,Start,End,Length
R2,,1.1.00,2.1.00,1.0.00
R3,KICK_VELOCITY_0_1,2.1.00,3.1.00,1.0.00
R4,,3.1.00,4.1.00,1.0.00
R5,KICK_VELOCITY_0_2,4.1.00,5.1.00,1.0.00
R6,,5.1.00,6.1.00,1.0.00
R7,KICK_VELOCITY_0_3,6.1.00,7.1.00,1.0.00
R8,,7.1.00,8.1.00,1.0.00
R9,KICK_VELOCITY_0_4,8.1.00,9.1.00,1.0.00
R10,,9.1.00,10.1.00,1.0.00
R11,KICK_VELOCITY_0_5,10.1.00,11.1.00,1.0.00
R12,,11.1.00,12.1.00,1.0.00
R13,KICK_VELOCITY_0_6,12.1.00,13.1.00,1.0.00
R14,,13.1.00,14.1.00,1.0.00
R15,KICK_VELOCITY_0_7,14.1.00,15.1.00,1.0.00
R16,,15.1.00,16.1.00,1.0.00
R17,KICK_VELOCITY_0_8,16.1.00,17.1.00,1.0.00
R18,,17.1.00,18.1.00,1.0.00
R19,KICK_VELOCITY_1_1,18.1.00,19.1.00,1.0.00
R20,,19.1.00,20.1.00,1.0.00
R21,KICK_VELOCITY_1_2,20.1.00,21.1.00,1.0.00
R22,,21.1.00,22.1.00,1.0.00
R23,KICK_VELOCITY_1_3,22.1.00,23.1.00,1.0.00
R24,,23.1.00,24.1.00,1.0.00
R25,KICK_VELOCITY_1_4,24.1.00,25.1.00,1.0.00
R26,,25.1.00,26.1.00,1.0.00
R27,KICK_VELOCITY_1_5,26.1.00,27.1.00,1.0.00
R28,,27.1.00,28.1.00,1.0.00
R29,KICK_VELOCITY_1_6,28.1.00,29.1.00,1.0.00
R30,,29.1.00,30.1.00,1.0.00
R31,KICK_VELOCITY_1_7,30.1.00,31.1.00,1.0.00
R32,,31.1.00,32.1.00,1.0.00
R33,KICK_VELOCITY_1_8,32.1.00,33.1.00,1.0.00
R34,,33.1.00,34.1.00,1.0.00
R35,KICK_VELOCITY_2_1,34.1.00,35.1.00,1.0.00
R36,,35.1.00,36.1.00,1.0.00
R37,KICK_VELOCITY_2_2,36.1.00,37.1.00,1.0.00
R38,,37.1.00,38.1.00,1.0.00
R39,KICK_VELOCITY_2_3,38.1.00,39.1.00,1.0.00
R40,,39.1.00,40.1.00,1.0.00
R41,KICK_VELOCITY_2_4,40.1.00,41.1.00,1.0.00
R42,,41.1.00,42.1.00,1.0.00
R43,KICK_VELOCITY_2_5,42.1.00,43.1.00,1.0.00
R44,,43.1.00,44.1.00,1.0.00
R45,KICK_VELOCITY_2_6,44.1.00,45.1.00,1.0.00
R46,,45.1.00,46.1.00,1.0.00
R47,KICK_VELOCITY_2_7,46.1.00,47.1.00,1.0.00
R48,,47.1.00,48.1.00,1.0.00
R49,KICK_VELOCITY_2_8,48.1.00,49.1.00,1.0.00
R50,,49.1.00,50.1.00,1.0.00
R51,KICK_VELOCITY_3_1,50.1.00,51.1.00,1.0.00
R52,,51.1.00,52.1.00,1.0.00
R53,KICK_VELOCITY_3_2,52.1.00,53.1.00,1.0.00
R54,,53.1.00,54.1.00,1.0.00
R55,KICK_VELOCITY_3_3,54.1.00,55.1.00,1.0.00
R56,,55.1.00,56.1.00,1.0.00
R57,KICK_VELOCITY_3_4,56.1.00,57.1.00,1.0.00
R58,,57.1.00,58.1.00,1.0.00
R59,KICK_VELOCITY_3_5,58.1.00,59.1.00,1.0.00
R60,,59.1.00,60.1.00,1.0.00
R61,KICK_VELOCITY_3_6,60.1.00,61.1.00,1.0.00
R62,,61.1.00,62.1.00,1.0.00
R63,KICK_VELOCITY_3_7,62.1.00,63.1.00,1.0.00
R64,,63.1.00,64.1.00,1.0.00
R65,KICK_VELOCITY_3_8,64.1.00,65.1.00,1.0.00
R66,,65.1.00,66.1.00,1.0.00
R67,KICK_VELOCITY_4_1,66.1.00,67.1.00,1.0.00
R68,,67.1.00,68.1.00,1.0.00
R69,KICK_VELOCITY_4_2,68.1.00,69.1.00,1.0.00
R70,,69.1.00,70.1.00,1.0.00
R71,KICK_VELOCITY_4_3,70.1.00,71.1.00,1.0.00
R72,,71.1.00,72.1.00,1.0.00
R73,KICK_VELOCITY_4_4,72.1.00,73.1.00,1.0.00
R74,,73.1.00,74.1.00,1.0.00
R75,KICK_VELOCITY_4_5,74.1.00,75.1.00,1.0.00
R76,,75.1.00,76.1.00,1.0.00
R77,KICK_VELOCITY_4_6,76.1.00,77.1.00,1.0.00
R78,,77.1.00,78.1.00,1.0.00
R79,KICK_VELOCITY_4_7,78.1.00,79.1.00,1.0.00
R80,,79.1.00,80.1.00,1.0.00
R81,KICK_VELOCITY_4_8,80.1.00,81.1.00,1.0.00
R82,,81.1.00,82.1.00,1.0.00
R83,KICK_VELOCITY_5_1,82.1.00,83.1.00,1.0.00
R84,,83.1.00,84.1.00,1.0.00
R85,KICK_VELOCITY_5_2,84.1.00,85.1.00,1.0.00
R86,,85.1.00,86.1.00,1.0.00
R87,KICK_VELOCITY_5_3,86.1.00,87.1.00,1.0.00
R88,,87.1.00,88.1.00,1.0.00
R89,KICK_VELOCITY_5_4,88.1.00,89.1.00,1.0.00
R90,,89.1.00,90.1.00,1.0.00
R91,KICK_VELOCITY_5_5,90.1.00,91.1.00,1.0.00
R92,,91.1.00,92.1.00,1.0.00
R93,KICK_VELOCITY_5_6,92.1.00,93.1.00,1.0.00
R94,,93.1.00,94.1.00,1.0.00
R95,KICK_VELOCITY_5_7,94.1.00,95.1.00,1.0.00
R96,,95.1.00,96.1.00,1.0.00
R97,KICK_VELOCITY_5_8,96.1.00,97.1.00,1.0.00
R98,,97.1.00,98.1.00,1.0.00
R99,KICK_VELOCITY_6_1,98.1.00,99.1.00,1.0.00
R100,,99.1.00,100.1.00,1.0.00
R101,KICK_VELOCITY_6_2,100.1.00,101.1.00,1.0.00
R102,,101.1.00,102.1.00,1.0.00
R103,KICK_VELOCITY_6_3,102.1.00,103.1.00,1.0.00
R104,,103.1.00,104.1.00,1.0.00
R105,KICK_VELOCITY_6_4,104.1.00,105.1.00,1.0.00
R106,,105.1.00,106.1.00,1.0.00
R107,KICK_VELOCITY_6_5,106.1.00,107.1.00,1.0.00
R108,,107.1.00,108.1.00,1.0.00
R109,KICK_VELOCITY_6_6,108.1.00,109.1.00,1.0.00
R110,,109.1.00,110.1.00,1.0.00
R111,KICK_VELOCITY_6_7,110.1.00,111.1.00,1.0.00
R112,,111.1.00,112.1.00,1.0.00
R113,KICK_VELOCITY_6_8,112.1.00,113.1.00,1.0.00
R114,,113.1.00,114.1.00,1.0.00
R115,KICK_VELOCITY_7_1,114.1.00,115.1.00,1.0.00
R116,,115.1.00,116.1.00,1.0.00
R117,KICK_VELOCITY_7_2,116.1.00,117.1.00,1.0.00
R118,,117.1.00,118.1.00,1.0.00
R119,KICK_VELOCITY_7_3,118.1.00,119.1.00,1.0.00
R120,,119.1.00,120.1.00,1.0.00
R121,KICK_VELOCITY_7_4,120.1.00,121.1.00,1.0.00
R122,,121.1.00,122.1.00,1.0.00
R123,KICK_VELOCITY_7_5,122.1.00,123.1.00,1.0.00
R124,,123.1.00,124.1.00,1.0.00
R125,KICK_VELOCITY_7_6,124.1.00,125.1.00,1.0.00
R126,,125.1.00,126.1.00,1.0.00
R127,KICK_VELOCITY_7_7,126.1.00,127.1.00,1.0.00
R128,,127.1.00,128.1.00,1.0.00
R129,KICK_VELOCITY_7_8,128.1.00,129.1.00,1.0.00
R130,,129.1.00,130.1.00,1.0.00
R131,SNARE_VELOCITY_0_1,130.1.00,132.1.00,1.0.00
R132,,132.1.00,133.1.00,1.0.00
R133,SNARE_VELOCITY_0_2,133.1.00,135.1.00,1.0.00
R134,,135.1.00,136.1.00,1.0.00
R135,SNARE_VELOCITY_0_3,136.1.00,138.1.00,1.0.00
R136,,138.1.00,139.1.00,1.0.00
R137,SNARE_VELOCITY_0_4,139.1.00,141.1.00,1.0.00
R138,,141.1.00,142.1.00,1.0.00
R139,SNARE_VELOCITY_0_5,142.1.00,144.1.00,1.0.00
R140,,144.1.00,145.1.00,1.0.00
R141,SNARE_VELOCITY_0_6,145.1.00,147.1.00,1.0.00
R142,,147.1.00,148.1.00,1.0.00
R143,SNARE_VELOCITY_0_7,148.1.00,150.1.00,1.0.00
R144,,150.1.00,151.1.00,1.0.00
R145,SNARE_VELOCITY_0_8,151.1.00,153.1.00,1.0.00
R146,,153.1.00,154.1.00,1.0.00
R147,SNARE_VELOCITY_1_1,154.1.00,156.1.00,1.0.00
R148,,156.1.00,157.1.00,1.0.00
R149,SNARE_VELOCITY_1_2,157.1.00,159.1.00,1.0.00
R150,,159.1.00,160.1.00,1.0.00
R151,SNARE_VELOCITY_1_3,160.1.00,162.1.00,1.0.00
R152,,162.1.00,163.1.00,1.0.00
R153,SNARE_VELOCITY_1_4,163.1.00,165.1.00,1.0.00
R154,,165.1.00,166.1.00,1.0.00
R155,SNARE_VELOCITY_1_5,166.1.00,168.1.00,1.0.00
R156,,168.1.00,169.1.00,1.0.00
R157,SNARE_VELOCITY_1_6,169.1.00,171.1.00,1.0.00
R158,,171.1.00,172.1.00,1.0.00
R159,SNARE_VELOCITY_1_7,172.1.00,174.1.00,1.0.00
R160,,174.1.00,175.1.00,1.0.00
R161,SNARE_VELOCITY_1_8,175.1.00,177.1.00,1.0.00
R162,,177.1.00,178.1.00,1.0.00
R163,SNARE_VELOCITY_2_1,178.1.00,180.1.00,1.0.00
R164,,180.1.00,181.1.00,1.0.00
R165,SNARE_VELOCITY_2_2,181.1.00,183.1.00,1.0.00
R166,,183.1.00,184.1.00,1.0.00
R167,SNARE_VELOCITY_2_3,184.1.00,186.1.00,1.0.00
R168,,186.1.00,187.1.00,1.0.00
R169,SNARE_VELOCITY_2_4,187.1.00,189.1.00,1.0.00
R170,,189.1.00,190.1.00,1.0.00
R171,SNARE_VELOCITY_2_5,190.1.00,192.1.00,1.0.00
R172,,192.1.00,193.1.00,1.0.00
R173,SNARE_VELOCITY_2_6,193.1.00,195.1.00,1.0.00
R174,,195.1.00,196.1.00,1.0.00
R175,SNARE_VELOCITY_2_7,196.1.00,198.1.00,1.0.00
R176,,198.1.00,199.1.00,1.0.00
R177,SNARE_VELOCITY_2_8,199.1.00,201.1.00,1.0.00
R178,,201.1.00,202.1.00,1.0.00
R179,SNARE_VELOCITY_3_1,202.1.00,204.1.00,1.0.00
R180,,204.1.00,205.1.00,1.0.00
R181,SNARE_VELOCITY_3_2,205.1.00,207.1.00,1.0.00
R182,,207.1.00,208.1.00,1.0.00
R183,SNARE_VELOCITY_3_3,208.1.00,210.1.00,1.0.00
R184,,210.1.00,211.1.00,1.0.00
R185,SNARE_VELOCITY_3_4,211.1.00,213.1.00,1.0.00
R186,,213.1.00,214.1.00,1.0.00
R187,SNARE_VELOCITY_3_5,214.1.00,216.1.00,1.0.00
R188,,216.1.00,217.1.00,1.0.00
R189,SNARE_VELOCITY_3_6,217.1.00,219.1.00,1.0.00
R190,,219.1.00,220.1.00,1.0.00
R191,SNARE_VELOCITY_3_7,220.1.00,222.1.00,1.0.00
R192,,222.1.00,223.1.00,1.0.00
R193,SNARE_VELOCITY_3_8,223.1.00,225.1.00,1.0.00
R194,,225.1.00,226.1.00,1.0.00
R195,SNARE_VELOCITY_4_1,226.1.00,228.1.00,1.0.00
R196,,228.1.00,229.1.00,1.0.00
R197,SNARE_VELOCITY_4_2,229.1.00,231.1.00,1.0.00
R198,,231.1.00,232.1.00,1.0.00
R199,SNARE_VELOCITY_4_3,232.1.00,234.1.00,1.0.00
R200,,234.1.00,235.1.00,1.0.00
R201,SNARE_VELOCITY_4_4,235.1.00,237.1.00,1.0.00
R202,,237.1.00,238.1.00,1.0.00
R203,SNARE_VELOCITY_4_5,238.1.00,240.1.00,1.0.00
R204,,240.1.00,241.1.00,1.0.00
R205,SNARE_VELOCITY_4_6,241.1.00,243.1.00,1.0.00
R206,,243.1.00,244.1.00,1.0.00
R207,SNARE_VELOCITY_4_7,244.1.00,246.1.00,1.0.00
R208,,246.1.00,247.1.00,1.0.00
R209,SNARE_VELOCITY_4_8,247.1.00,249.1.00,1.0.00
R210,,249.1.00,250.1.00,1.0.00
R211,SNARE_VELOCITY_5_1,250.1.00,252.1.00,1.0.00
R212,,252.1.00,253.1.00,1.0.00
R213,SNARE_VELOCITY_5_2,253.1.00,255.1.00,1.0.00
R214,,255.1.00,256.1.00,1.0.00
R215,SNARE_VELOCITY_5_3,256.1.00,258.1.00,1.0.00
R216,,258.1.00,259.1.00,1.0.00
R217,SNARE_VELOCITY_5_4,259.1.00,261.1.00,1.0.00
R218,,261.1.00,262.1.00,1.0.00
R219,SNARE_VELOCITY_5_5,262.1.00,264.1.00,1.0.00
R220,,264.1.00,265.1.00,1.0.00
R221,SNARE_VELOCITY_5_6,265.1.00,267.1.00,1.0.00
R222,,267.1.00,268.1.00,1.0.00
R223,SNARE_VELOCITY_5_7,268.1.00,270.1.00,1.0.00
R224,,270.1.00,271.1.00,1.0.00
R225,SNARE_VELOCITY_5_8,271.1.00,273.1.00,1.0.00
R226,,273.1.00,274.1.00,1.0.00
R227,SNARE_VELOCITY_6_1,274.1.00,276.1.00,1.0.00
R228,,276.1.00,277.1.00,1.0.00
R229,SNARE_VELOCITY_6_2,277.1.00,279.1.00,1.0.00
R230,,279.1.00,280.1.00,1.0.00
R231,SNARE_VELOCITY_6_3,280.1.00,282.1.00,1.0.00
R232,,282.1.00,283.1.00,1.0.00
R233,SNARE_VELOCITY_6_4,283.1.00,285.1.00,1.0.00
R234,,285.1.00,286.1.00,1.0.00
R235,SNARE_VELOCITY_6_5,286.1.00,288.1.00,1.0.00
R236,,288.1.00,289.1.00,1.0.00
R237,SNARE_VELOCITY_6_6,289.1.00,291.1.00,1.0.00
R238,,291.1.00,292.1.00,1.0.00
R239,SNARE_VELOCITY_6_7,292.1.00,294.1.00,1.0.00
R240,,294.1.00,295.1.00,1.0.00
R241,SNARE_VELOCITY_6_8,295.1.00,297.1.00,1.0.00
R242,,297.1.00,298.1.00,1.0.00
R243,SNARE_VELOCITY_7_1,298.1.00,300.1.00,1.0.00
R244,,300.1.00,301.1.00,1.0.00
R245,SNARE_VELOCITY_7_2,301.1.00,303.1.00,1.0.00
R246,,303.1.00,304.1.00,1.0.00
R247,SNARE_VELOCITY_7_3,304.1.00,306.1.00,1.0.00
R248,,306.1.00,307.1.00,1.0.00
R249,SNARE_VELOCITY_7_4,307.1.00,309.1.00,1.0.00
R250,,309.1.00,310.1.00,1.0.00
R251,SNARE_VELOCITY_7_5,310.1.00,312.1.00,1.0.00
R252,,312.1.00,313.1.00,1.0.00
R253,SNARE_VELOCITY_7_6,313.1.00,315.1.00,1.0.00
R254,,315.1.00,316.1.00,1.0.00
R255,SNARE_VELOCITY_7_7,316.1.00,318.1.00,1.0.00
R256,,318.1.00,319.1.00,1.0.00
R257,SNARE_VELOCITY_7_8,319.1.00,321.1.00,1.0.00
R258,,321.1.00,322.1.00,1.0.00
R259,TOM_1_VELOCITY_0_1,322.1.00,324.1.00,1.0.00
R260,,324.1.00,325.1.00,1.0.00
R261,TOM_1_VELOCITY_0_2,325.1.00,327.1.00,1.0.00
R262,,327.1.00,328.1.00,1.0.00
R263,TOM_1_VELOCITY_0_3,328.1.00,330.1.00,1.0.00
R264,,330.1.00,331.1.00,1.0.00
R265,TOM_1_VELOCITY_0_4,331.1.00,333.1.00,1.0.00
R266,,333.1.00,334.1.00,1.0.00
R267,TOM_1_VELOCITY_0_5,334.1.00,336.1.00,1.0.00
R268,,336.1.00,337.1.00,1.0.00
R269,TOM_1_VELOCITY_0_6,337.1.00,339.1.00,1.0.00
R270,,339.1.00,340.1.00,1.0.00
R271,TOM_1_VELOCITY_0_7,340.1.00,342.1.00,1.0.00
R272,,342.1.00,343.1.00,1.0.00
R273,TOM_1_VELOCITY_0_8,343.1.00,345.1.00,1.0.00
R274,,345.1.00,346.1.00,1.0.00
R275,TOM_1_VELOCITY_1_1,346.1.00,348.1.00,1.0.00
R276,,348.1.00,349.1.00,1.0.00
R277,TOM_1_VELOCITY_1_2,349.1.00,351.1.00,1.0.00
R278,,351.1.00,352.1.00,1.0.00
R279,TOM_1_VELOCITY_1_3,352.1.00,354.1.00,1.0.00
R280,,354.1.00,355.1.00,1.0.00
R281,TOM_1_VELOCITY_1_4,355.1.00,357.1.00,1.0.00
R282,,357.1.00,358.1.00,1.0.00
R283,TOM_1_VELOCITY_1_5,358.1.00,360.1.00,1.0.00
R284,,360.1.00,361.1.00,1.0.00
R285,TOM_1_VELOCITY_1_6,361.1.00,363.1.00,1.0.00
R286,,363.1.00,364.1.00,1.0.00
R287,TOM_1_VELOCITY_1_7,364.1.00,366.1.00,1.0.00
R288,,366.1.00,367.1.00,1.0.00
R289,TOM_1_VELOCITY_1_8,367.1.00,369.1.00,1.0.00
R290,,369.1.00,370.1.00,1.0.00
R291,TOM_1_VELOCITY_2_1,370.1.00,372.1.00,1.0.00
R292,,372.1.00,373.1.00,1.0.00
R293,TOM_1_VELOCITY_2_2,373.1.00,375.1.00,1.0.00
R294,,375.1.00,376.1.00,1.0.00
R295,TOM_1_VELOCITY_2_3,376.1.00,378.1.00,1.0.00
R296,,378.1.00,379.1.00,1.0.00
R297,TOM_1_VELOCITY_2_4,379.1.00,381.1.00,1.0.00
R298,,381.1.00,382.1.00,1.0.00
R299,TOM_1_VELOCITY_2_5,382.1.00,384.1.00,1.0.00
R300,,384.1.00,385.1.00,1.0.00
R301,TOM_1_VELOCITY_2_6,385.1.00,387.1.00,1.0.00
R302,,387.1.00,388.1.00,1.0.00
R303,TOM_1_VELOCITY_2_7,388.1.00,390.1.00,1.0.00
R304,,390.1.00,391.1.00,1.0.00
R305,TOM_1_VELOCITY_2_8,391.1.00,393.1.00,1.0.00
R306,,393.1.00,394.1.00,1.0.00
R307,TOM_1_VELOCITY_3_1,394.1.00,396.1.00,1.0.00
R308,,396.1.00,397.1.00,1.0.00
R309,TOM_1_VELOCITY_3_2,397.1.00,399.1.00,1.0.00
R310,,399.1.00,400.1.00,1.0.00
R311,TOM_1_VELOCITY_3_3,400.1.00,402.1.00,1.0.00
R312,,402.1.00,403.1.00,1.0.00
R313,TOM_1_VELOCITY_3_4,403.1.00,405.1.00,1.0.00
R314,,405.1.00,406.1.00,1.0.00
R315,TOM_1_VELOCITY_3_5,406.1.00,408.1.00,1.0.00
R316,,408.1.00,409.1.00,1.0.00
R317,TOM_1_VELOCITY_3_6,409.1.00,411.1.00,1.0.00
R318,,411.1.00,412.1.00,1.0.00
R319,TOM_1_VELOCITY_3_7,412.1.00,414.1.00,1.0.00
R320,,414.1.00,415.1.00,1.0.00
R321,TOM_1_VELOCITY_3_8,415.1.00,417.1.00,1.0.00
R322,,417.1.00,418.1.00,1.0.00
R323,TOM_1_VELOCITY_4_1,418.1.00,420.1.00,1.0.00
R324,,420.1.00,421.1.00,1.0.00
R325,TOM_1_VELOCITY_4_2,421.1.00,423.1.00,1.0.00
R326,,423.1.00,424.1.00,1.0.00
R327,TOM_1_VELOCITY_4_3,424.1.00,426.1.00,1.0.00
R328,,426.1.00,427.1.00,1.0.00
R329,TOM_1_VELOCITY_4_4,427.1.00,429.1.00,1.0.00
R330,,429.1.00,430.1.00,1.0.00
R331,TOM_1_VELOCITY_4_5,430.1.00,432.1.00,1.0.00
R332,,432.1.00,433.1.00,1.0.00
R333,TOM_1_VELOCITY_4_6,433.1.00,435.1.00,1.0.00
R334,,435.1.00,436.1.00,1.0.00
R335,TOM_1_VELOCITY_4_7,436.1.00,438.1.00,1.0.00
R336,,438.1.00,439.1.00,1.0.00
R337,TOM_1_VELOCITY_4_8,439.1.00,441.1.00,1.0.00
R338,,441.1.00,442.1.00,1.0.00
R339,TOM_1_VELOCITY_5_1,442.1.00,444.1.00,1.0.00
R340,,444.1.00,445.1.00,1.0.00
R341,TOM_1_VELOCITY_5_2,445.1.00,447.1.00,1.0.00
R342,,447.1.00,448.1.00,1.0.00
R343,TOM_1_VELOCITY_5_3,448.1.00,450.1.00,1.0.00
R344,,450.1.00,451.1.00,1.0.00
R345,TOM_1_VELOCITY_5_4,451.1.00,453.1.00,1.0.00
R346,,453.1.00,454.1.00,1.0.00
R347,TOM_1_VELOCITY_5_5,454.1.00,456.1.00,1.0.00
R348,,456.1.00,457.1.00,1.0.00
R349,TOM_1_VELOCITY_5_6,457.1.00,459.1.00,1.0.00
R350,,459.1.00,460.1.00,1.0.00
R351,TOM_1_VELOCITY_5_7,460.1.00,462.1.00,1.0.00
R352,,462.1.00,463.1.00,1.0.00
R353,TOM_1_VELOCITY_5_8,463.1.00,465.1.00,1.0.00
R354,,465.1.00,466.1.00,1.0.00
R355,TOM_1_VELOCITY_6_1,466.1.00,468.1.00,1.0.00
R356,,468.1.00,469.1.00,1.0.00
R357,TOM_1_VELOCITY_6_2,469.1.00,471.1.00,1.0.00
R358,,471.1.00,472.1.00,1.0.00
R359,TOM_1_VELOCITY_6_3,472.1.00,474.1.00,1.0.00
R360,,474.1.00,475.1.00,1.0.00
R361,TOM_1_VELOCITY_6_4,475.1.00,477.1.00,1.0.00
R362,,477.1.00,478.1.00,1.0.00
R363,TOM_1_VELOCITY_6_5,478.1.00,480.1.00,1.0.00
R364,,480.1.00,481.1.00,1.0.00
R365,TOM_1_VELOCITY_6_6,481.1.00,483.1.00,1.0.00
R366,,483.1.00,484.1.00,1.0.00
R367,TOM_1_VELOCITY_6_7,484.1.00,486.1.00,1.0.00
R368,,486.1.00,487.1.00,1.0.00
R369,TOM_1_VELOCITY_6_8,487.1.00,489.1.00,1.0.00
R370,,489.1.00,490.1.00,1.0.00
R371,TOM_1_VELOCITY_7_1,490.1.00,492.1.00,1.0.00
R372,,492.1.00,493.1.00,1.0.00
R373,TOM_1_VELOCITY_7_2,493.1.00,495.1.00,1.0.00
R374,,495.1.00,496.1.00,1.0.00
R375,TOM_1_VELOCITY_7_3,496.1.00,498.1.00,1.0.00
R376,,498.1.00,499.1.00,1.0.00
R377,TOM_1_VELOCITY_7_4,499.1.00,501.1.00,1.0.00
R378,,501.1.00,502.1.00,1.0.00
R379,TOM_1_VELOCITY_7_5,502.1.00,504.1.00,1.0.00
R380,,504.1.00,505.1.00,1.0.00
R381,TOM_1_VELOCITY_7_6,505.1.00,507.1.00,1.0.00
R382,,507.1.00,508.1.00,1.0.00
R383,TOM_1_VELOCITY_7_7,508.1.00,510.1.00,1.0.00
R384,,510.1.00,511.1.00,1.0.00
R385,TOM_1_VELOCITY_7_8,511.1.00,513.1.00,1.0.00
R386,,513.1.00,514.1.00,1.0.00
R387,TOM_2_VELOCITY_0_1,514.1.00,516.1.00,1.0.00
R388,,516.1.00,517.1.00,1.0.00
R389,TOM_2_VELOCITY_0_2,517.1.00,519.1.00,1.0.00
R390,,519.1.00,520.1.00,1.0.00
R391,TOM_2_VELOCITY_0_3,520.1.00,522.1.00,1.0.00
R392,,522.1.00,523.1.00,1.0.00
R393,TOM_2_VELOCITY_0_4,523.1.00,525.1.00,1.0.00
R394,,525.1.00,526.1.00,1.0.00
R395,TOM_2_VELOCITY_0_5,526.1.00,528.1.00,1.0.00
R396,,528.1.00,529.1.00,1.0.00
R397,TOM_2_VELOCITY_0_6,529.1.00,531.1.00,1.0.00
R398,,531.1.00,532.1.00,1.0.00
R399,TOM_2_VELOCITY_0_7,532.1.00,534.1.00,1.0.00
R400,,534.1.00,535.1.00,1.0.00
R401,TOM_2_VELOCITY_0_8,535.1.00,537.1.00,1.0.00
R402,,537.1.00,538.1.00,1.0.00
R403,TOM_2_VELOCITY_1_1,538.1.00,540.1.00,1.0.00
R404,,540.1.00,541.1.00,1.0.00
R405,TOM_2_VELOCITY_1_2,541.1.00,543.1.00,1.0.00
R406,,543.1.00,544.1.00,1.0.00
R407,TOM_2_VELOCITY_1_3,544.1.00,546.1.00,1.0.00
R408,,546.1.00,547.1.00,1.0.00
R409,TOM_2_VELOCITY_1_4,547.1.00,549.1.00,1.0.00
R410,,549.1.00,550.1.00,1.0.00
R411,TOM_2_VELOCITY_1_5,550.1.00,552.1.00,1.0.00
R412,,552.1.00,553.1.00,1.0.00
R413,TOM_2_VELOCITY_1_6,553.1.00,555.1.00,1.0.00
R414,,555.1.00,556.1.00,1.0.00
R415,TOM_2_VELOCITY_1_7,556.1.00,558.1.00,1.0.00
R416,,558.1.00,559.1.00,1.0.00
R417,TOM_2_VELOCITY_1_8,559.1.00,561.1.00,1.0.00
R418,,561.1.00,562.1.00,1.0.00
R419,TOM_2_VELOCITY_2_1,562.1.00,564.1.00,1.0.00
R420,,564.1.00,565.1.00,1.0.00
R421,TOM_2_VELOCITY_2_2,565.1.00,567.1.00,1.0.00
R422,,567.1.00,568.1.00,1.0.00
R423,TOM_2_VELOCITY_2_3,568.1.00,570.1.00,1.0.00
R424,,570.1.00,571.1.00,1.0.00
R425,TOM_2_VELOCITY_2_4,571.1.00,573.1.00,1.0.00
R426,,573.1.00,574.1.00,1.0.00
R427,TOM_2_VELOCITY_2_5,574.1.00,576.1.00,1.0.00
R428,,576.1.00,577.1.00,1.0.00
R429,TOM_2_VELOCITY_2_6,577.1.00,579.1.00,1.0.00
R430,,579.1.00,580.1.00,1.0.00
R431,TOM_2_VELOCITY_2_7,580.1.00,582.1.00,1.0.00
R432,,582.1.00,583.1.00,1.0.00
R433,TOM_2_VELOCITY_2_8,583.1.00,585.1.00,1.0.00
R434,,585.1.00,586.1.00,1.0.00
R435,TOM_2_VELOCITY_3_1,586.1.00,588.1.00,1.0.00
R436,,588.1.00,589.1.00,1.0.00
R437,TOM_2_VELOCITY_3_2,589.1.00,591.1.00,1.0.00
R438,,591.1.00,592.1.00,1.0.00
R439,TOM_2_VELOCITY_3_3,592.1.00,594.1.00,1.0.00
R440,,594.1.00,595.1.00,1.0.00
R441,TOM_2_VELOCITY_3_4,595.1.00,597.1.00,1.0.00
R442,,597.1.00,598.1.00,1.0.00
R443,TOM_2_VELOCITY_3_5,598.1.00,600.1.00,1.0.00
R444,,600.1.00,601.1.00,1.0.00
R445,TOM_2_VELOCITY_3_6,601.1.00,603.1.00,1.0.00
R446,,603.1.00,604.1.00,1.0.00
R447,TOM_2_VELOCITY_3_7,604.1.00,606.1.00,1.0.00
R448,,606.1.00,607.1.00,1.0.00
R449,TOM_2_VELOCITY_3_8,607.1.00,609.1.00,1.0.00
R450,,609.1.00,610.1.00,1.0.00
R451,TOM_2_VELOCITY_4_1,610.1.00,612.1.00,1.0.00
R452,,612.1.00,613.1.00,1.0.00
R453,TOM_2_VELOCITY_4_2,613.1.00,615.1.00,1.0.00
R454,,615.1.00,616.1.00,1.0.00
R455,TOM_2_VELOCITY_4_3,616.1.00,618.1.00,1.0.00
R456,,618.1.00,619.1.00,1.0.00
R457,TOM_2_VELOCITY_4_4,619.1.00,621.1.00,1.0.00
R458,,621.1.00,622.1.00,1.0.00
R459,TOM_2_VELOCITY_4_5,622.1.00,624.1.00,1.0.00
R460,,624.1.00,625.1.00,1.0.00
R461,TOM_2_VELOCITY_4_6,625.1.00,627.1.00,1.0.00
R462,,627.1.00,628.1.00,1.0.00
R463,TOM_2_VELOCITY_4_7,628.1.00,630.1.00,1.0.00
R464,,630.1.00,631.1.00,1.0.00
R465,TOM_2_VELOCITY_4_8,631.1.00,633.1.00,1.0.00
R466,,633.1.00,634.1.00,1.0.00
R467,TOM_2_VELOCITY_5_1,634.1.00,636.1.00,1.0.00
R468,,636.1.00,637.1.00,1.0.00
R469,TOM_2_VELOCITY_5_2,637.1.00,639.1.00,1.0.00
R470,,639.1.00,640.1.00,1.0.00
R471,TOM_2_VELOCITY_5_3,640.1.00,642.1.00,1.0.00
R472,,642.1.00,643.1.00,1.0.00
R473,TOM_2_VELOCITY_5_4,643.1.00,645.1.00,1.0.00
R474,,645.1.00,646.1.00,1.0.00
R475,TOM_2_VELOCITY_5_5,646.1.00,648.1.00,1.0.00
R476,,648.1.00,649.1.00,1.0.00
R477,TOM_2_VELOCITY_5_6,649.1.00,651.1.00,1.0.00
R478,,651.1.00,652.1.00,1.0.00
R479,TOM_2_VELOCITY_5_7,652.1.00,654.1.00,1.0.00
R480,,654.1.00,655.1.00,1.0.00
R481,TOM_2_VELOCITY_5_8,655.1.00,657.1.00,1.0.00
R482,,657.1.00,658.1.00,1.0.00
R483,TOM_2_VELOCITY_6_1,658.1.00,660.1.00,1.0.00
R484,,660.1.00,661.1.00,1.0.00
R485,TOM_2_VELOCITY_6_2,661.1.00,663.1.00,1.0.00
R486,,663.1.00,664.1.00,1.0.00
R487,TOM_2_VELOCITY_6_3,664.1.00,666.1.00,1.0.00
R488,,666.1.00,667.1.00,1.0.00
R489,TOM_2_VELOCITY_6_4,667.1.00,669.1.00,1.0.00
R490,,669.1.00,670.1.00,1.0.00
R491,TOM_2_VELOCITY_6_5,670.1.00,672.1.00,1.0.00
R492,,672.1.00,673.1.00,1.0.00
R493,TOM_2_VELOCITY_6_6,673.1.00,675.1.00,1.0.00
R494,,675.1.00,676.1.00,1.0.00
R495,TOM_2_VELOCITY_6_7,676.1.00,678.1.00,1.0.00
R496,,678.1.00,679.1.00,1.0.00
R497,TOM_2_VELOCITY_6_8,679.1.00,681.1.00,1.0.00
R498,,681.1.00,682.1.00,1.0.00
R499,TOM_2_VELOCITY_7_1,682.1.00,684.1.00,1.0.00
R500,,684.1.00,685.1.00,1.0.00
R501,TOM_2_VELOCITY_7_2,685.1.00,687.1.00,1.0.00
R502,,687.1.00,688.1.00,1.0.00
R503,TOM_2_VELOCITY_7_3,688.1.00,690.1.00,1.0.00
R504,,690.1.00,691.1.00,1.0.00
R505,TOM_2_VELOCITY_7_4,691.1.00,693.1.00,1.0.00
R506,,693.1.00,694.1.00,1.0.00
R507,TOM_2_VELOCITY_7_5,694.1.00,696.1.00,1.0.00
R508,,696.1.00,697.1.00,1.0.00
R509,TOM_2_VELOCITY_7_6,697.1.00,699.1.00,1.0.00
R510,,699.1.00,700.1.00,1.0.00
R511,TOM_2_VELOCITY_7_7,700.1.00,702.1.00,1.0.00
R512,,702.1.00,703.1.00,1.0.00
R513,TOM_2_VELOCITY_7_8,703.1.00,705.1.00,1.0.00
R514,,705.1.00,706.1.00,1.0.00
R515,TOM_3_VELOCITY_0_1,706.1.00,708.1.00,1.0.00
R516,,708.1.00,709.1.00,1.0.00
R517,TOM_3_VELOCITY_0_2,709.1.00,711.1.00,1.0.00
R518,,711.1.00,712.1.00,1.0.00
R519,TOM_3_VELOCITY_0_3,712.1.00,714.1.00,1.0.00
R520,,714.1.00,715.1.00,1.0.00
R521,TOM_3_VELOCITY_0_4,715.1.00,717.1.00,1.0.00
R522,,717.1.00,718.1.00,1.0.00
R523,TOM_3_VELOCITY_0_5,718.1.00,720.1.00,1.0.00
R524,,720.1.00,721.1.00,1.0.00
R525,TOM_3_VELOCITY_0_6,721.1.00,723.1.00,1.0.00
R526,,723.1.00,724.1.00,1.0.00
R527,TOM_3_VELOCITY_0_7,724.1.00,726.1.00,1.0.00
R528,,726.1.00,727.1.00,1.0.00
R529,TOM_3_VELOCITY_0_8,727.1.00,729.1.00,1.0.00
R530,,729.1.00,730.1.00,1.0.00
R531,TOM_3_VELOCITY_1_1,730.1.00,732.1.00,1.0.00
R532,,732.1.00,733.1.00,1.0.00
R533,TOM_3_VELOCITY_1_2,733.1.00,735.1.00,1.0.00
R534,,735.1.00,736.1.00,1.0.00
R535,TOM_3_VELOCITY_1_3,736.1.00,738.1.00,1.0.00
R536,,738.1.00,739.1.00,1.0.00
R537,TOM_3_VELOCITY_1_4,739.1.00,741.1.00,1.0.00
R538,,741.1.00,742.1.00,1.0.00
R539,TOM_3_VELOCITY_1_5,742.1.00,744.1.00,1.0.00
R540,,744.1.00,745.1.00,1.0.00
R541,TOM_3_VELOCITY_1_6,745.1.00,747.1.00,1.0.00
R542,,747.1.00,748.1.00,1.0.00
R543,TOM_3_VELOCITY_1_7,748.1.00,750.1.00,1.0.00
R544,,750.1.00,751.1.00,1.0.00
R545,TOM_3_VELOCITY_1_8,751.1.00,753.1.00,1.0.00
R546,,753.1.00,754.1.00,1.0.00
R547,TOM_3_VELOCITY_2_1,754.1.00,756.1.00,1.0.00
R548,,756.1.00,757.1.00,1.0.00
R549,TOM_3_VELOCITY_2_2,757.1.00,759.1.00,1.0.00
R550,,759.1.00,760.1.00,1.0.00
R551,TOM_3_VELOCITY_2_3,760.1.00,762.1.00,1.0.00
R552,,762.1.00,763.1.00,1.0.00
R553,TOM_3_VELOCITY_2_4,763.1.00,765.1.00,1.0.00
R554,,765.1.00,766.1.00,1.0.00
R555,TOM_3_VELOCITY_2_5,766.1.00,768.1.00,1.0.00
R556,,768.1.00,769.1.00,1.0.00
R557,TOM_3_VELOCITY_2_6,769.1.00,771.1.00,1.0.00
R558,,771.1.00,772.1.00,1.0.00
R559,TOM_3_VELOCITY_2_7,772.1.00,774.1.00,1.0.00
R560,,774.1.00,775.1.00,1.0.00
R561,TOM_3_VELOCITY_2_8,775.1.00,777.1.00,1.0.00
R562,,777.1.00,778.1.00,1.0.00
R563,TOM_3_VELOCITY_3_1,778.1.00,780.1.00,1.0.00
R564,,780.1.00,781.1.00,1.0.00
R565,TOM_3_VELOCITY_3_2,781.1.00,783.1.00,1.0.00
R566,,783.1.00,784.1.00,1.0.00
R567,TOM_3_VELOCITY_3_3,784.1.00,786.1.00,1.0.00
R568,,786.1.00,787.1.00,1.0.00
R569,TOM_3_VELOCITY_3_4,787.1.00,789.1.00,1.0.00
R570,,789.1.00,790.1.00,1.0.00
R571,TOM_3_VELOCITY_3_5,790.1.00,792.1.00,1.0.00
R572,,792.1.00,793.1.00,1.0.00
R573,TOM_3_VELOCITY_3_6,793.1.00,795.1.00,1.0.00
R574,,795.1.00,796.1.00,1.0.00
R575,TOM_3_VELOCITY_3_7,796.1.00,798.1.00,1.0.00
R576,,798.1.00,799.1.00,1.0.00
R577,TOM_3_VELOCITY_3_8,799.1.00,801.1.00,1.0.00
R578,,801.1.00,802.1.00,1.0.00
R579,TOM_3_VELOCITY_4_1,802.1.00,804.1.00,1.0.00
R580,,804.1.00,805.1.00,1.0.00
R581,TOM_3_VELOCITY_4_2,805.1.00,807.1.00,1.0.00
R582,,807.1.00,808.1.00,1.0.00
R583,TOM_3_VELOCITY_4_3,808.1.00,810.1.00,1.0.00
R584,,810.1.00,811.1.00,1.0.00
R585,TOM_3_VELOCITY_4_4,811.1.00,813.1.00,1.0.00
R586,,813.1.00,814.1.00,1.0.00
R587,TOM_3_VELOCITY_4_5,814.1.00,816.1.00,1.0.00
R588,,816.1.00,817.1.00,1.0.00
R589,TOM_3_VELOCITY_4_6,817.1.00,819.1.00,1.0.00
R590,,819.1.00,820.1.00,1.0.00
R591,TOM_3_VELOCITY_4_7,820.1.00,822.1.00,1.0.00
R592,,822.1.00,823.1.00,1.0.00
R593,TOM_3_VELOCITY_4_8,823.1.00,825.1.00,1.0.00
R594,,825.1.00,826.1.00,1.0.00
R595,TOM_3_VELOCITY_5_1,826.1.00,828.1.00,1.0.00
R596,,828.1.00,829.1.00,1.0.00
R597,TOM_3_VELOCITY_5_2,829.1.00,831.1.00,1.0.00
R598,,831.1.00,832.1.00,1.0.00
R599,TOM_3_VELOCITY_5_3,832.1.00,834.1.00,1.0.00
R600,,834.1.00,835.1.00,1.0.00
R601,TOM_3_VELOCITY_5_4,835.1.00,837.1.00,1.0.00
R602,,837.1.00,838.1.00,1.0.00
R603,TOM_3_VELOCITY_5_5,838.1.00,840.1.00,1.0.00
R604,,840.1.00,841.1.00,1.0.00
R605,TOM_3_VELOCITY_5_6,841.1.00,843.1.00,1.0.00
R606,,843.1.00,844.1.00,1.0.00
R607,TOM_3_VELOCITY_5_7,844.1.00,846.1.00,1.0.00
R608,,846.1.00,847.1.00,1.0.00
R609,TOM_3_VELOCITY_5_8,847.1.00,849.1.00,1.0.00
R610,,849.1.00,850.1.00,1.0.00
R611,TOM_3_VELOCITY_6_1,850.1.00,852.1.00,1.0.00
R612,,852.1.00,853.1.00,1.0.00
R613,TOM_3_VELOCITY_6_2,853.1.00,855.1.00,1.0.00
R614,,855.1.00,856.1.00,1.0.00
R615,TOM_3_VELOCITY_6_3,856.1.00,858.1.00,1.0.00
R616,,858.1.00,859.1.00,1.0.00
R617,TOM_3_VELOCITY_6_4,859.1.00,861.1.00,1.0.00
R618,,861.1.00,862.1.00,1.0.00
R619,TOM_3_VELOCITY_6_5,862.1.00,864.1.00,1.0.00
R620,,864.1.00,865.1.00,1.0.00
R621,TOM_3_VELOCITY_6_6,865.1.00,867.1.00,1.0.00
R622,,867.1.00,868.1.00,1.0.00
R623,TOM_3_VELOCITY_6_7,868.1.00,870.1.00,1.0.00
R624,,870.1.00,871.1.00,1.0.00
R625,TOM_3_VELOCITY_6_8,871.1.00,873.1.00,1.0.00
R626,,873.1.00,874.1.00,1.0.00
R627,TOM_3_VELOCITY_7_1,874.1.00,876.1.00,1.0.00
R628,,876.1.00,877.1.00,1.0.00
R629,TOM_3_VELOCITY_7_2,877.1.00,879.1.00,1.0.00
R630,,879.1.00,880.1.00,1.0.00
R631,TOM_3_VELOCITY_7_3,880.1.00,882.1.00,1.0.00
R632,,882.1.00,883.1.00,1.0.00
R633,TOM_3_VELOCITY_7_4,883.1.00,885.1.00,1.0.00
R634,,885.1.00,886.1.00,1.0.00
R635,TOM_3_VELOCITY_7_5,886.1.00,888.1.00,1.0.00
R636,,888.1.00,889.1.00,1.0.00
R637,TOM_3_VELOCITY_7_6,889.1.00,891.1.00,1.0.00
R638,,891.1.00,892.1.00,1.0.00
R639,TOM_3_VELOCITY_7_7,892.1.00,894.1.00,1.0.00
R640,,894.1.00,895.1.00,1.0.00
R641,TOM_3_VELOCITY_7_8,895.1.00,897.1.00,1.0.00
R642,,897.1.00,898.1.00,1.0.00
R643,HIHAT_PEDAL_VELOCITY_0_1,898.1.00,899.1.00,1.0.00
R644,,899.1.00,900.1.00,1.0.00
R645,HIHAT_PEDAL_VELOCITY_0_2,900.1.00,901.1.00,1.0.00
R646,,901.1.00,902.1.00,1.0.00
R647,HIHAT_PEDAL_VELOCITY_0_3,902.1.00,903.1.00,1.0.00
R648,,903.1.00,904.1.00,1.0.00
R649,HIHAT_PEDAL_VELOCITY_0_4,904.1.00,905.1.00,1.0.00
R650,,905.1.00,906.1.00,1.0.00
R651,HIHAT_PEDAL_VELOCITY_0_5,906.1.00,907.1.00,1.0.00
R652,,907.1.00,908.1.00,1.0.00
R653,HIHAT_PEDAL_VELOCITY_0_6,908.1.00,909.1.00,1.0.00
R654,,909.1.00,910.1.00,1.0.00
R655,HIHAT_PEDAL_VELOCITY_0_7,910.1.00,911.1.00,1.0.00
R656,,911.1.00,912.1.00,1.0.00
R657,HIHAT_PEDAL_VELOCITY_0_8,912.1.00,913.1.00,1.0.00
R658,,913.1.00,914.1.00,1.0.00
R659,HIHAT_PEDAL_VELOCITY_1_1,914.1.00,915.1.00,1.0.00
R660,,915.1.00,916.1.00,1.0.00
R661,HIHAT_PEDAL_VELOCITY_1_2,916.1.00,917.1.00,1.0.00
R662,,917.1.00,918.1.00,1.0.00
R663,HIHAT_PEDAL_VELOCITY_1_3,918.1.00,919.1.00,1.0.00
R664,,919.1.00,920.1.00,1.0.00
R665,HIHAT_PEDAL_VELOCITY_1_4,920.1.00,921.1.00,1.0.00
R666,,921.1.00,922.1.00,1.0.00
R667,HIHAT_PEDAL_VELOCITY_1_5,922.1.00,923.1.00,1.0.00
R668,,923.1.00,924.1.00,1.0.00
R669,HIHAT_PEDAL_VELOCITY_1_6,924.1.00,925.1.00,1.0.00
R670,,925.1.00,926.1.00,1.0.00
R671,HIHAT_PEDAL_VELOCITY_1_7,926.1.00,927.1.00,1.0.00
R672,,927.1.00,928.1.00,1.0.00
R673,HIHAT_PEDAL_VELOCITY_1_8,928.1.00,929.1.00,1.0.00
R674,,929.1.00,930.1.00,1.0.00
R675,HIHAT_PEDAL_VELOCITY_2_1,930.1.00,931.1.00,1.0.00
R676,,931.1.00,932.1.00,1.0.00
R677,HIHAT_PEDAL_VELOCITY_2_2,932.1.00,933.1.00,1.0.00
R678,,933.1.00,934.1.00,1.0.00
R679,HIHAT_PEDAL_VELOCITY_2_3,934.1.00,935.1.00,1.0.00
R680,,935.1.00,936.1.00,1.0.00
R681,HIHAT_PEDAL_VELOCITY_2_4,936.1.00,937.1.00,1.0.00
R682,,937.1.00,938.1.00,1.0.00
R683,HIHAT_PEDAL_VELOCITY_2_5,938.1.00,939.1.00,1.0.00
R684,,939.1.00,940.1.00,1.0.00
R685,HIHAT_PEDAL_VELOCITY_2_6,940.1.00,941.1.00,1.0.00
R686,,941.1.00,942.1.00,1.0.00
R687,HIHAT_PEDAL_VELOCITY_2_7,942.1.00,943.1.00,1.0.00
R688,,943.1.00,944.1.00,1.0.00
R689,HIHAT_PEDAL_VELOCITY_2_8,944.1.00,945.1.00,1.0.00
R690,,945.1.00,946.1.00,1.0.00
R691,HIHAT_PEDAL_VELOCITY_3_1,946.1.00,947.1.00,1.0.00
R692,,947.1.00,948.1.00,1.0.00
R693,HIHAT_PEDAL_VELOCITY_3_2,948.1.00,949.1.00,1.0.00
R694,,949.1.00,950.1.00,1.0.00
R695,HIHAT_PEDAL_VELOCITY_3_3,950.1.00,951.1.00,1.0.00
R696,,951.1.00,952.1.00,1.0.00
R697,HIHAT_PEDAL_VELOCITY_3_4,952.1.00,953.1.00,1.0.00
R698,,953.1.00,954.1.00,1.0.00
R699,HIHAT_PEDAL_VELOCITY_3_5,954.1.00,955.1.00,1.0.00
R700,,955.1.00,956.1.00,1.0.00
R701,HIHAT_PEDAL_VELOCITY_3_6,956.1.00,957.1.00,1.0.00
R702,,957.1.00,958.1.00,1.0.00
R703,HIHAT_PEDAL_VELOCITY_3_7,958.1.00,959.1.00,1.0.00
R704,,959.1.00,960.1.00,1.0.00
R705,HIHAT_PEDAL_VELOCITY_3_8,960.1.00,961.1.00,1.0.00
R706,,961.1.00,962.1.00,1.0.00
R707,HIHAT_PEDAL_VELOCITY_4_1,962.1.00,963.1.00,1.0.00
R708,,963.1.00,964.1.00,1.0.00
R709,HIHAT_PEDAL_VELOCITY_4_2,964.1.00,965.1.00,1.0.00
R710,,965.1.00,966.1.00,1.0.00
R711,HIHAT_PEDAL_VELOCITY_4_3,966.1.00,967.1.00,1.0.00
R712,,967.1.00,968.1.00,1.0.00
R713,HIHAT_PEDAL_VELOCITY_4_4,968.1.00,969.1.00,1.0.00
R714,,969.1.00,970.1.00,1.0.00
R715,HIHAT_PEDAL_VELOCITY_4_5,970.1.00,971.1.00,1.0.00
R716,,971.1.00,972.1.00,1.0.00
R717,HIHAT_PEDAL_VELOCITY_4_6,972.1.00,973.1.00,1.0.00
R718,,973.1.00,974.1.00,1.0.00
R719,HIHAT_PEDAL_VELOCITY_4_7,974.1.00,975.1.00,1.0.00
R720,,975.1.00,976.1.00,1.0.00
R721,HIHAT_PEDAL_VELOCITY_4_8,976.1.00,977.1.00,1.0.00
R722,,977.1.00,978.1.00,1.0.00
R723,HIHAT_PEDAL_VELOCITY_5_1,978.1.00,979.1.00,1.0.00
R724,,979.1.00,980.1.00,1.0.00
R725,HIHAT_PEDAL_VELOCITY_5_2,980.1.00,981.1.00,1.0.00
R726,,981.1.00,982.1.00,1.0.00
R727,HIHAT_PEDAL_VELOCITY_5_3,982.1.00,983.1.00,1.0.00
R728,,983.1.00,984.1.00,1.0.00
R729,HIHAT_PEDAL_VELOCITY_5_4,984.1.00,985.1.00,1.0.00
R730,,985.1.00,986.1.00,1.0.00
R731,HIHAT_PEDAL_VELOCITY_5_5,986.1.00,987.1.00,1.0.00
R732,,987.1.00,988.1.00,1.0.00
R733,HIHAT_PEDAL_VELOCITY_5_6,988.1.00,989.1.00,1.0.00
R734,,989.1.00,990.1.00,1.0.00
R735,HIHAT_PEDAL_VELOCITY_5_7,990.1.00,991.1.00,1.0.00
R736,,991.1.00,992.1.00,1.0.00
R737,HIHAT_PEDAL_VELOCITY_5_8,992.1.00,993.1.00,1.0.00
R738,,993.1.00,994.1.00,1.0.00
R739,HIHAT_PEDAL_VELOCITY_6_1,994.1.00,995.1.00,1.0.00
R740,,995.1.00,996.1.00,1.0.00
R741,HIHAT_PEDAL_VELOCITY_6_2,996.1.00,997.1.00,1.0.00
R742,,997.1.00,998.1.00,1.0.00
R743,HIHAT_PEDAL_VELOCITY_6_3,998.1.00,999.1.00,1.0.00
R744,,999.1.00,1000.1.00,1.0.00
R745,HIHAT_PEDAL_VELOCITY_6_4,1000.1.00,1001.1.00,1.0.00
R746,,1001.1.00,1002.1.00,1.0.00
R747,HIHAT_PEDAL_VELOCITY_6_5,1002.1.00,1003.1.00,1.0.00
R748,,1003.1.00,1004.1.00,1.0.00
R749,HIHAT_PEDAL_VELOCITY_6_6,1004.1.00,1005.1.00,1.0.00
R750,,1005.1.00,1006.1.00,1.0.00
R751,HIHAT_PEDAL_VELOCITY_6_7,1006.1.00,1007.1.00,1.0.00
R752,,1007.1.00,1008.1.00,1.0.00
R753,HIHAT_PEDAL_VELOCITY_6_8,1008.1.00,1009.1.00,1.0.00
R754,,1009.1.00,1010.1.00,1.0.00
R755,HIHAT_PEDAL_VELOCITY_7_1,1010.1.00,1011.1.00,1.0.00
R756,,1011.1.00,1012.1.00,1.0.00
R757,HIHAT_PEDAL_VELOCITY_7_2,1012.1.00,1013.1.00,1.0.00
R758,,1013.1.00,1014.1.00,1.0.00
R759,HIHAT_PEDAL_VELOCITY_7_3,1014.1.00,1015.1.00,1.0.00
R760,,1015.1.00,1016.1.00,1.0.00
R761,HIHAT_PEDAL_VELOCITY_7_4,1016.1.00,1017.1.00,1.0.00
R762,,1017.1.00,1018.1.00,1.0.00
R763,HIHAT_PEDAL_VELOCITY_7_5,1018.1.00,1019.1.00,1.0.00
R764,,1019.1.00,1020.1.00,1.0.00
R765,HIHAT_PEDAL_VELOCITY_7_6,1020.1.00,1021.1.00,1.0.00
R766,,1021.1.00,1022.1.00,1.0.00
R767,HIHAT_PEDAL_VELOCITY_7_7,1022.1.00,1023.1.00,1.0.00
R768,,1023.1.00,1024.1.00,1.0.00
R769,HIHAT_PEDAL_VELOCITY_7_8,1024.1.00,1025.1.00,1.0.00
R770,,1025.1.00,1026.1.00,1.0.00
R771,HIHAT_FULLY_CLOSED_VELOCITY_0_1,1026.1.00,1027.1.00,1.0.00
R772,,1027.1.00,1028.1.00,1.0.00
R773,HIHAT_FULLY_CLOSED_VELOCITY_0_2,1028.1.00,1029.1.00,1.0.00
R774,,1029.1.00,1030.1.00,1.0.00
R775,HIHAT_FULLY_CLOSED_VELOCITY_0_3,1030.1.00,1031.1.00,1.0.00
R776,,1031.1.00,1032.1.00,1.0.00
R777,HIHAT_FULLY_CLOSED_VELOCITY_0_4,1032.1.00,1033.1.00,1.0.00
R778,,1033.1.00,1034.1.00,1.0.00
R779,HIHAT_FULLY_CLOSED_VELOCITY_0_5,1034.1.00,1035.1.00,1.0.00
R780,,1035.1.00,1036.1.00,1.0.00
R781,HIHAT_FULLY_CLOSED_VELOCITY_0_6,1036.1.00,1037.1.00,1.0.00
R782,,1037.1.00,1038.1.00,1.0.00
R783,HIHAT_FULLY_CLOSED_VELOCITY_0_7,1038.1.00,1039.1.00,1.0.00
R784,,1039.1.00,1040.1.00,1.0.00
R785,HIHAT_FULLY_CLOSED_VELOCITY_0_8,1040.1.00,1041.1.00,1.0.00
R786,,1041.1.00,1042.1.00,1.0.00
R787,HIHAT_FULLY_CLOSED_VELOCITY_1_1,1042.1.00,1043.1.00,1.0.00
R788,,1043.1.00,1044.1.00,1.0.00
R789,HIHAT_FULLY_CLOSED_VELOCITY_1_2,1044.1.00,1045.1.00,1.0.00
R790,,1045.1.00,1046.1.00,1.0.00
R791,HIHAT_FULLY_CLOSED_VELOCITY_1_3,1046.1.00,1047.1.00,1.0.00
R792,,1047.1.00,1048.1.00,1.0.00
R793,HIHAT_FULLY_CLOSED_VELOCITY_1_4,1048.1.00,1049.1.00,1.0.00
R794,,1049.1.00,1050.1.00,1.0.00
R795,HIHAT_FULLY_CLOSED_VELOCITY_1_5,1050.1.00,1051.1.00,1.0.00
R796,,1051.1.00,1052.1.00,1.0.00
R797,HIHAT_FULLY_CLOSED_VELOCITY_1_6,1052.1.00,1053.1.00,1.0.00
R798,,1053.1.00,1054.1.00,1.0.00
R799,HIHAT_FULLY_CLOSED_VELOCITY_1_7,1054.1.00,1055.1.00,1.0.00
R800,,1055.1.00,1056.1.00,1.0.00
R801,HIHAT_FULLY_CLOSED_VELOCITY_1_8,1056.1.00,1057.1.00,1.0.00
R802,,1057.1.00,1058.1.00,1.0.00
R803,HIHAT_FULLY_CLOSED_VELOCITY_2_1,1058.1.00,1059.1.00,1.0.00
R804,,1059.1.00,1060.1.00,1.0.00
R805,HIHAT_FULLY_CLOSED_VELOCITY_2_2,1060.1.00,1061.1.00,1.0.00
R806,,1061.1.00,1062.1.00,1.0.00
R807,HIHAT_FULLY_CLOSED_VELOCITY_2_3,1062.1.00,1063.1.00,1.0.00
R808,,1063.1.00,1064.1.00,1.0.00
R809,HIHAT_FULLY_CLOSED_VELOCITY_2_4,1064.1.00,1065.1.00,1.0.00
R810,,1065.1.00,1066.1.00,1.0.00
R811,HIHAT_FULLY_CLOSED_VELOCITY_2_5,1066.1.00,1067.1.00,1.0.00
R812,,1067.1.00,1068.1.00,1.0.00
R813,HIHAT_FULLY_CLOSED_VELOCITY_2_6,1068.1.00,1069.1.00,1.0.00
R814,,1069.1.00,1070.1.00,1.0.00
R815,HIHAT_FULLY_CLOSED_VELOCITY_2_7,1070.1.00,1071.1.00,1.0.00
R816,,1071.1.00,1072.1.00,1.0.00
R817,HIHAT_FULLY_CLOSED_VELOCITY_2_8,1072.1.00,1073.1.00,1.0.00
R818,,1073.1.00,1074.1.00,1.0.00
R819,HIHAT_FULLY_CLOSED_VELOCITY_3_1,1074.1.00,1075.1.00,1.0.00
R820,,1075.1.00,1076.1.00,1.0.00
R821,HIHAT_FULLY_CLOSED_VELOCITY_3_2,1076.1.00,1077.1.00,1.0.00
R822,,1077.1.00,1078.1.00,1.0.00
R823,HIHAT_FULLY_CLOSED_VELOCITY_3_3,1078.1.00,1079.1.00,1.0.00
R824,,1079.1.00,1080.1.00,1.0.00
R825,HIHAT_FULLY_CLOSED_VELOCITY_3_4,1080.1.00,1081.1.00,1.0.00
R826,,1081.1.00,1082.1.00,1.0.00
R827,HIHAT_FULLY_CLOSED_VELOCITY_3_5,1082.1.00,1083.1.00,1.0.00
R828,,1083.1.00,1084.1.00,1.0.00
R829,HIHAT_FULLY_CLOSED_VELOCITY_3_6,1084.1.00,1085.1.00,1.0.00
R830,,1085.1.00,1086.1.00,1.0.00
R831,HIHAT_FULLY_CLOSED_VELOCITY_3_7,1086.1.00,1087.1.00,1.0.00
R832,,1087.1.00,1088.1.00,1.0.00
R833,HIHAT_FULLY_CLOSED_VELOCITY_3_8,1088.1.00,1089.1.00,1.0.00
R834,,1089.1.00,1090.1.00,1.0.00
R835,HIHAT_FULLY_CLOSED_VELOCITY_4_1,1090.1.00,1091.1.00,1.0.00
R836,,1091.1.00,1092.1.00,1.0.00
R837,HIHAT_FULLY_CLOSED_VELOCITY_4_2,1092.1.00,1093.1.00,1.0.00
R838,,1093.1.00,1094.1.00,1.0.00
R839,HIHAT_FULLY_CLOSED_VELOCITY_4_3,1094.1.00,1095.1.00,1.0.00
R840,,1095.1.00,1096.1.00,1.0.00
R841,HIHAT_FULLY_CLOSED_VELOCITY_4_4,1096.1.00,1097.1.00,1.0.00
R842,,1097.1.00,1098.1.00,1.0.00
R843,HIHAT_FULLY_CLOSED_VELOCITY_4_5,1098.1.00,1099.1.00,1.0.00
R844,,1099.1.00,1100.1.00,1.0.00
R845,HIHAT_FULLY_CLOSED_VELOCITY_4_6,1100.1.00,1101.1.00,1.0.00
R846,,1101.1.00,1102.1.00,1.0.00
R847,HIHAT_FULLY_CLOSED_VELOCITY_4_7,1102.1.00,1103.1.00,1.0.00
R848,,1103.1.00,1104.1.00,1.0.00
R849,HIHAT_FULLY_CLOSED_VELOCITY_4_8,1104.1.00,1105.1.00,1.0.00
R850,,1105.1.00,1106.1.00,1.0.00
R851,HIHAT_FULLY_CLOSED_VELOCITY_5_1,1106.1.00,1107.1.00,1.0.00
R852,,1107.1.00,1108.1.00,1.0.00
R853,HIHAT_FULLY_CLOSED_VELOCITY_5_2,1108.1.00,1109.1.00,1.0.00
R854,,1109.1.00,1110.1.00,1.0.00
R855,HIHAT_FULLY_CLOSED_VELOCITY_5_3,1110.1.00,1111.1.00,1.0.00
R856,,1111.1.00,1112.1.00,1.0.00
R857,HIHAT_FULLY_CLOSED_VELOCITY_5_4,1112.1.00,1113.1.00,1.0.00
R858,,1113.1.00,1114.1.00,1.0.00
R859,HIHAT_FULLY_CLOSED_VELOCITY_5_5,1114.1.00,1115.1.00,1.0.00
R860,,1115.1.00,1116.1.00,1.0.00
R861,HIHAT_FULLY_CLOSED_VELOCITY_5_6,1116.1.00,1117.1.00,1.0.00
R862,,1117.1.00,1118.1.00,1.0.00
R863,HIHAT_FULLY_CLOSED_VELOCITY_5_7,1118.1.00,1119.1.00,1.0.00
R864,,1119.1.00,1120.1.00,1.0.00
R865,HIHAT_FULLY_CLOSED_VELOCITY_5_8,1120.1.00,1121.1.00,1.0.00
R866,,1121.1.00,1122.1.00,1.0.00
R867,HIHAT_FULLY_CLOSED_VELOCITY_6_1,1122.1.00,1123.1.00,1.0.00
R868,,1123.1.00,1124.1.00,1.0.00
R869,HIHAT_FULLY_CLOSED_VELOCITY_6_2,1124.1.00,1125.1.00,1.0.00
R870,,1125.1.00,1126.1.00,1.0.00
R871,HIHAT_FULLY_CLOSED_VELOCITY_6_3,1126.1.00,1127.1.00,1.0.00
R872,,1127.1.00,1128.1.00,1.0.00
R873,HIHAT_FULLY_CLOSED_VELOCITY_6_4,1128.1.00,1129.1.00,1.0.00
R874,,1129.1.00,1130.1.00,1.0.00
R875,HIHAT_FULLY_CLOSED_VELOCITY_6_5,1130.1.00,1131.1.00,1.0.00
R876,,1131.1.00,1132.1.00,1.0.00
R877,HIHAT_FULLY_CLOSED_VELOCITY_6_6,1132.1.00,1133.1.00,1.0.00
R878,,1133.1.00,1134.1.00,1.0.00
R879,HIHAT_FULLY_CLOSED_VELOCITY_6_7,1134.1.00,1135.1.00,1.0.00
R880,,1135.1.00,1136.1.00,1.0.00
R881,HIHAT_FULLY_CLOSED_VELOCITY_6_8,1136.1.00,1137.1.00,1.0.00
R882,,1137.1.00,1138.1.00,1.0.00
R883,HIHAT_FULLY_CLOSED_VELOCITY_7_1,1138.1.00,1139.1.00,1.0.00
R884,,1139.1.00,1140.1.00,1.0.00
R885,HIHAT_FULLY_CLOSED_VELOCITY_7_2,1140.1.00,1141.1.00,1.0.00
R886,,1141.1.00,1142.1.00,1.0.00
R887,HIHAT_FULLY_CLOSED_VELOCITY_7_3,1142.1.00,1143.1.00,1.0.00
R888,,1143.1.00,1144.1.00,1.0.00
R889,HIHAT_FULLY_CLOSED_VELOCITY_7_4,1144.1.00,1145.1.00,1.0.00
R890,,1145.1.00,1146.1.00,1.0.00
R891,HIHAT_FULLY_CLOSED_VELOCITY_7_5,1146.1.00,1147.1.00,1.0.00
R892,,1147.1.00,1148.1.00,1.0.00
R893,HIHAT_FULLY_CLOSED_VELOCITY_7_6,1148.1.00,1149.1.00,1.0.00
R894,,1149.1.00,1150.1.00,1.0.00
R895,HIHAT_FULLY_CLOSED_VELOCITY_7_7,1150.1.00,1151.1.00,1.0.00
R896,,1151.1.00,1152.1.00,1.0.00
R897,HIHAT_FULLY_CLOSED_VELOCITY_7_8,1152.1.00,1153.1.00,1.0.00
R898,,1153.1.00,1154.1.00,1.0.00
R899,HIHAT_HALFWAY_VELOCITY_0_1,1154.1.00,1156.1.00,1.0.00
R900,,1156.1.00,1157.1.00,1.0.00
R901,HIHAT_HALFWAY_VELOCITY_0_2,1157.1.00,1159.1.00,1.0.00
R902,,1159.1.00,1160.1.00,1.0.00
R903,HIHAT_HALFWAY_VELOCITY_0_3,1160.1.00,1162.1.00,1.0.00
R904,,1162.1.00,1163.1.00,1.0.00
R905,HIHAT_HALFWAY_VELOCITY_0_4,1163.1.00,1165.1.00,1.0.00
R906,,1165.1.00,1166.1.00,1.0.00
R907,HIHAT_HALFWAY_VELOCITY_0_5,1166.1.00,1168.1.00,1.0.00
R908,,1168.1.00,1169.1.00,1.0.00
R909,HIHAT_HALFWAY_VELOCITY_0_6,1169.1.00,1171.1.00,1.0.00
R910,,1171.1.00,1172.1.00,1.0.00
R911,HIHAT_HALFWAY_VELOCITY_0_7,1172.1.00,1174.1.00,1.0.00
R912,,1174.1.00,1175.1.00,1.0.00
R913,HIHAT_HALFWAY_VELOCITY_0_8,1175.1.00,1177.1.00,1.0.00
R914,,1177.1.00,1178.1.00,1.0.00
R915,HIHAT_HALFWAY_VELOCITY_1_1,1178.1.00,1180.1.00,1.0.00
R916,,1180.1.00,1181.1.00,1.0.00
R917,HIHAT_HALFWAY_VELOCITY_1_2,1181.1.00,1183.1.00,1.0.00
R918,,1183.1.00,1184.1.00,1.0.00
R919,HIHAT_HALFWAY_VELOCITY_1_3,1184.1.00,1186.1.00,1.0.00
R920,,1186.1.00,1187.1.00,1.0.00
R921,HIHAT_HALFWAY_VELOCITY_1_4,1187.1.00,1189.1.00,1.0.00
R922,,1189.1.00,1190.1.00,1.0.00
R923,HIHAT_HALFWAY_VELOCITY_1_5,1190.1.00,1192.1.00,1.0.00
R924,,1192.1.00,1193.1.00,1.0.00
R925,HIHAT_HALFWAY_VELOCITY_1_6,1193.1.00,1195.1.00,1.0.00
R926,,1195.1.00,1196.1.00,1.0.00
R927,HIHAT_HALFWAY_VELOCITY_1_7,1196.1.00,1198.1.00,1.0.00
R928,,1198.1.00,1199.1.00,1.0.00
R929,HIHAT_HALFWAY_VELOCITY_1_8,1199.1.00,1201.1.00,1.0.00
R930,,1201.1.00,1202.1.00,1.0.00
R931,HIHAT_HALFWAY_VELOCITY_2_1,1202.1.00,1204.1.00,1.0.00
R932,,1204.1.00,1205.1.00,1.0.00
R933,HIHAT_HALFWAY_VELOCITY_2_2,1205.1.00,1207.1.00,1.0.00
R934,,1207.1.00,1208.1.00,1.0.00
R935,HIHAT_HALFWAY_VELOCITY_2_3,1208.1.00,1210.1.00,1.0.00
R936,,1210.1.00,1211.1.00,1.0.00
R937,HIHAT_HALFWAY_VELOCITY_2_4,1211.1.00,1213.1.00,1.0.00
R938,,1213.1.00,1214.1.00,1.0.00
R939,HIHAT_HALFWAY_VELOCITY_2_5,1214.1.00,1216.1.00,1.0.00
R940,,1216.1.00,1217.1.00,1.0.00
R941,HIHAT_HALFWAY_VELOCITY_2_6,1217.1.00,1219.1.00,1.0.00
R942,,1219.1.00,1220.1.00,1.0.00
R943,HIHAT_HALFWAY_VELOCITY_2_7,1220.1.00,1222.1.00,1.0.00
R944,,1222.1.00,1223.1.00,1.0.00
R945,HIHAT_HALFWAY_VELOCITY_2_8,1223.1.00,1225.1.00,1.0.00
R946,,1225.1.00,1226.1.00,1.0.00
R947,HIHAT_HALFWAY_VELOCITY_3_1,1226.1.00,1228.1.00,1.0.00
R948,,1228.1.00,1229.1.00,1.0.00
R949,HIHAT_HALFWAY_VELOCITY_3_2,1229.1.00,1231.1.00,1.0.00
R950,,1231.1.00,1232.1.00,1.0.00
R951,HIHAT_HALFWAY_VELOCITY_3_3,1232.1.00,1234.1.00,1.0.00
R952,,1234.1.00,1235.1.00,1.0.00
R953,HIHAT_HALFWAY_VELOCITY_3_4,1235.1.00,1237.1.00,1.0.00
R954,,1237.1.00,1238.1.00,1.0.00
R955,HIHAT_HALFWAY_VELOCITY_3_5,1238.1.00,1240.1.00,1.0.00
R956,,1240.1.00,1241.1.00,1.0.00
R957,HIHAT_HALFWAY_VELOCITY_3_6,1241.1.00,1243.1.00,1.0.00
R958,,1243.1.00,1244.1.00,1.0.00
R959,HIHAT_HALFWAY_VELOCITY_3_7,1244.1.00,1246.1.00,1.0.00
R960,,1246.1.00,1247.1.00,1.0.00
R961,HIHAT_HALFWAY_VELOCITY_3_8,1247.1.00,1249.1.00,1.0.00
R962,,1249.1.00,1250.1.00,1.0.00
R963,HIHAT_HALFWAY_VELOCITY_4_1,1250.1.00,1252.1.00,1.0.00
R964,,1252.1.00,1253.1.00,1.0.00
R965,HIHAT_HALFWAY_VELOCITY_4_2,1253.1.00,1255.1.00,1.0.00
R966,,1255.1.00,1256.1.00,1.0.00
R967,HIHAT_HALFWAY_VELOCITY_4_3,1256.1.00,1258.1.00,1.0.00
R968,,1258.1.00,1259.1.00,1.0.00
R969,HIHAT_HALFWAY_VELOCITY_4_4,1259.1.00,1261.1.00,1.0.00
R970,,1261.1.00,1262.1.00,1.0.00
R971,HIHAT_HALFWAY_VELOCITY_4_5,1262.1.00,1264.1.00,1.0.00
R972,,1264.1.00,1265.1.00,1.0.00
R973,HIHAT_HALFWAY_VELOCITY_4_6,1265.1.00,1267.1.00,1.0.00
R974,,1267.1.00,1268.1.00,1.0.00
R975,HIHAT_HALFWAY_VELOCITY_4_7,1268.1.00,1270.1.00,1.0.00
R976,,1270.1.00,1271.1.00,1.0.00
R977,HIHAT_HALFWAY_VELOCITY_4_8,1271.1.00,1273.1.00,1.0.00
R978,,1273.1.00,1274.1.00,1.0.00
R979,HIHAT_HALFWAY_VELOCITY_5_1,1274.1.00,1276.1.00,1.0.00
R980,,1276.1.00,1277.1.00,1.0.00
R981,HIHAT_HALFWAY_VELOCITY_5_2,1277.1.00,1279.1.00,1.0.00
R982,,1279.1.00,1280.1.00,1.0.00
R983,HIHAT_HALFWAY_VELOCITY_5_3,1280.1.00,1282.1.00,1.0.00
R984,,1282.1.00,1283.1.00,1.0.00
R985,HIHAT_HALFWAY_VELOCITY_5_4,1283.1.00,1285.1.00,1.0.00
R986,,1285.1.00,1286.1.00,1.0.00
R987,HIHAT_HALFWAY_VELOCITY_5_5,1286.1.00,1288.1.00,1.0.00
R988,,1288.1.00,1289.1.00,1.0.00
R989,HIHAT_HALFWAY_VELOCITY_5_6,1289.1.00,1291.1.00,1.0.00
R990,,1291.1.00,1292.1.00,1.0.00
R991,HIHAT_HALFWAY_VELOCITY_5_7,1292.1.00,1294.1.00,1.0.00
R992,,1294.1.00,1295.1.00,1.0.00
R993,HIHAT_HALFWAY_VELOCITY_5_8,1295.1.00,1297.1.00,1.0.00
R994,,1297.1.00,1298.1.00,1.0.00
R995,HIHAT_HALFWAY_VELOCITY_6_1,1298.1.00,1300.1.00,1.0.00
R996,,1300.1.00,1301.1.00,1.0.00
R997,HIHAT_HALFWAY_VELOCITY_6_2,1301.1.00,1303.1.00,1.0.00
R998,,1303.1.00,1304.1.00,1.0.00
R999,HIHAT_HALFWAY_VELOCITY_6_3,1304.1.00,1306.1.00,1.0.00
R1000,,1306.1.00,1307.1.00,1.0.00
R1001,HIHAT_HALFWAY_VELOCITY_6_4,1307.1.00,1309.1.00,1.0.00
R1002,,1309.1.00,1310.1.00,1.0.00
R1003,HIHAT_HALFWAY_VELOCITY_6_5,1310.1.00,1312.1.00,1.0.00
R1004,,1312.1.00,1313.1.00,1.0.00
R1005,HIHAT_HALFWAY_VELOCITY_6_6,1313.1.00,1315.1.00,1.0.00
R1006,,1315.1.00,1316.1.00,1.0.00
R1007,HIHAT_HALFWAY_VELOCITY_6_7,1316.1.00,1318.1.00,1.0.00
R1008,,1318.1.00,1319.1.00,1.0.00
R1009,HIHAT_HALFWAY_VELOCITY_6_8,1319.1.00,1321.1.00,1.0.00
R1010,,1321.1.00,1322.1.00,1.0.00
R1011,HIHAT_HALFWAY_VELOCITY_7_1,1322.1.00,1324.1.00,1.0.00
R1012,,1324.1.00,1325.1.00,1.0.00
R1013,HIHAT_HALFWAY_VELOCITY_7_2,1325.1.00,1327.1.00,1.0.00
R1014,,1327.1.00,1328.1.00,1.0.00
R1015,HIHAT_HALFWAY_VELOCITY_7_3,1328.1.00,1330.1.00,1.0.00
R1016,,1330.1.00,1331.1.00,1.0.00
R1017,HIHAT_HALFWAY_VELOCITY_7_4,1331.1.00,1333.1.00,1.0.00
R1018,,1333.1.00,1334.1.00,1.0.00
R1019,HIHAT_HALFWAY_VELOCITY_7_5,1334.1.00,1336.1.00,1.0.00
R1020,,1336.1.00,1337.1.00,1.0.00
R1021,HIHAT_HALFWAY_VELOCITY_7_6,1337.1.00,1339.1.00,1.0.00
R1022,,1339.1.00,1340.1.00,1.0.00
R1023,HIHAT_HALFWAY_VELOCITY_7_7,1340.1.00,1342.1.00,1.0.00
R1024,,1342.1.00,1343.1.00,1.0.00
R1025,HIHAT_HALFWAY_VELOCITY_7_8,1343.1.00,1345.1.00,1.0.00
R1026,,1345.1.00,1346.1.00,1.0.00
R1027,HIHAT_FULLY_OPEN_VELOCITY_0_1,1346.1.00,1350.1.00,1.0.00
R1028,,1350.1.00,1351.1.00,1.0.00
R1029,HIHAT_FULLY_OPEN_VELOCITY_0_2,1351.1.00,1355.1.00,1.0.00
R1030,,1355.1.00,1356.1.00,1.0.00
R1031,HIHAT_FULLY_OPEN_VELOCITY_0_3,1356.1.00,1360.1.00,1.0.00
R1032,,1360.1.00,1361.1.00,1.0.00
R1033,HIHAT_FULLY_OPEN_VELOCITY_0_4,1361.1.00,1365.1.00,1.0.00
R1034,,1365.1.00,1366.1.00,1.0.00
R1035,HIHAT_FULLY_OPEN_VELOCITY_0_5,1366.1.00,1370.1.00,1.0.00
R1036,,1370.1.00,1371.1.00,1.0.00
R1037,HIHAT_FULLY_OPEN_VELOCITY_0_6,1371.1.00,1375.1.00,1.0.00
R1038,,1375.1.00,1376.1.00,1.0.00
R1039,HIHAT_FULLY_OPEN_VELOCITY_0_7,1376.1.00,1380.1.00,1.0.00
R1040,,1380.1.00,1381.1.00,1.0.00
R1041,HIHAT_FULLY_OPEN_VELOCITY_0_8,1381.1.00,1385.1.00,1.0.00
R1042,,1385.1.00,1386.1.00,1.0.00
R1043,HIHAT_FULLY_OPEN_VELOCITY_1_1,1386.1.00,1390.1.00,1.0.00
R1044,,1390.1.00,1391.1.00,1.0.00
R1045,HIHAT_FULLY_OPEN_VELOCITY_1_2,1391.1.00,1395.1.00,1.0.00
R1046,,1395.1.00,1396.1.00,1.0.00
R1047,HIHAT_FULLY_OPEN_VELOCITY_1_3,1396.1.00,1400.1.00,1.0.00
R1048,,1400.1.00,1401.1.00,1.0.00
R1049,HIHAT_FULLY_OPEN_VELOCITY_1_4,1401.1.00,1405.1.00,1.0.00
R1050,,1405.1.00,1406.1.00,1.0.00
R1051,HIHAT_FULLY_OPEN_VELOCITY_1_5,1406.1.00,1410.1.00,1.0.00
R1052,,1410.1.00,1411.1.00,1.0.00
R1053,HIHAT_FULLY_OPEN_VELOCITY_1_6,1411.1.00,1415.1.00,1.0.00
R1054,,1415.1.00,1416.1.00,1.0.00
R1055,HIHAT_FULLY_OPEN_VELOCITY_1_7,1416.1.00,1420.1.00,1.0.00
R1056,,1420.1.00,1421.1.00,1.0.00
R1057,HIHAT_FULLY_OPEN_VELOCITY_1_8,1421.1.00,1425.1.00,1.0.00
R1058,,1425.1.00,1426.1.00,1.0.00
R1059,HIHAT_FULLY_OPEN_VELOCITY_2_1,1426.1.00,1430.1.00,1.0.00
R1060,,1430.1.00,1431.1.00,1.0.00
R1061,HIHAT_FULLY_OPEN_VELOCITY_2_2,1431.1.00,1435.1.00,1.0.00
R1062,,1435.1.00,1436.1.00,1.0.00
R1063,HIHAT_FULLY_OPEN_VELOCITY_2_3,1436.1.00,1440.1.00,1.0.00
R1064,,1440.1.00,1441.1.00,1.0.00
R1065,HIHAT_FULLY_OPEN_VELOCITY_2_4,1441.1.00,1445.1.00,1.0.00
R1066,,1445.1.00,1446.1.00,1.0.00
R1067,HIHAT_FULLY_OPEN_VELOCITY_2_5,1446.1.00,1450.1.00,1.0.00
R1068,,1450.1.00,1451.1.00,1.0.00
R1069,HIHAT_FULLY_OPEN_VELOCITY_2_6,1451.1.00,1455.1.00,1.0.00
R1070,,1455.1.00,1456.1.00,1.0.00
R1071,HIHAT_FULLY_OPEN_VELOCITY_2_7,1456.1.00,1460.1.00,1.0.00
R1072,,1460.1.00,1461.1.00,1.0.00
R1073,HIHAT_FULLY_OPEN_VELOCITY_2_8,1461.1.00,1465.1.00,1.0.00
R1074,,1465.1.00,1466.1.00,1.0.00
R1075,HIHAT_FULLY_OPEN_VELOCITY_3_1,1466.1.00,1470.1.00,1.0.00
R1076,,1470.1.00,1471.1.00,1.0.00
R1077,HIHAT_FULLY_OPEN_VELOCITY_3_2,1471.1.00,1475.1.00,1.0.00
R1078,,1475.1.00,1476.1.00,1.0.00
R1079,HIHAT_FULLY_OPEN_VELOCITY_3_3,1476.1.00,1480.1.00,1.0.00
R1080,,1480.1.00,1481.1.00,1.0.00
R1081,HIHAT_FULLY_OPEN_VELOCITY_3_4,1481.1.00,1485.1.00,1.0.00
R1082,,1485.1.00,1486.1.00,1.0.00
R1083,HIHAT_FULLY_OPEN_VELOCITY_3_5,1486.1.00,1490.1.00,1.0.00
R1084,,1490.1.00,1491.1.00,1.0.00
R1085,HIHAT_FULLY_OPEN_VELOCITY_3_6,1491.1.00,1495.1.00,1.0.00
R1086,,1495.1.00,1496.1.00,1.0.00
R1087,HIHAT_FULLY_OPEN_VELOCITY_3_7,1496.1.00,1500.1.00,1.0.00
R1088,,1500.1.00,1501.1.00,1.0.00
R1089,HIHAT_FULLY_OPEN_VELOCITY_3_8,1501.1.00,1505.1.00,1.0.00
R1090,,1505.1.00,1506.1.00,1.0.00
R1091,HIHAT_FULLY_OPEN_VELOCITY_4_1,1506.1.00,1510.1.00,1.0.00
R1092,,1510.1.00,1511.1.00,1.0.00
R1093,HIHAT_FULLY_OPEN_VELOCITY_4_2,1511.1.00,1515.1.00,1.0.00
R1094,,1515.1.00,1516.1.00,1.0.00
R1095,HIHAT_FULLY_OPEN_VELOCITY_4_3,1516.1.00,1520.1.00,1.0.00
R1096,,1520.1.00,1521.1.00,1.0.00
R1097,HIHAT_FULLY_OPEN_VELOCITY_4_4,1521.1.00,1525.1.00,1.0.00
R1098,,1525.1.00,1526.1.00,1.0.00
R1099,HIHAT_FULLY_OPEN_VELOCITY_4_5,1526.1.00,1530.1.00,1.0.00
R1100,,1530.1.00,1531.1.00,1.0.00
R1101,HIHAT_FULLY_OPEN_VELOCITY_4_6,1531.1.00,1535.1.00,1.0.00
R1102,,1535.1.00,1536.1.00,1.0.00
R1103,HIHAT_FULLY_OPEN_VELOCITY_4_7,1536.1.00,1540.1.00,1.0.00
R1104,,1540.1.00,1541.1.00,1.0.00
R1105,HIHAT_FULLY_OPEN_VELOCITY_4_8,1541.1.00,1545.1.00,1.0.00
R1106,,1545.1.00,1546.1.00,1.0.00
R1107,HIHAT_FULLY_OPEN_VELOCITY_5_1,1546.1.00,1550.1.00,1.0.00
R1108,,1550.1.00,1551.1.00,1.0.00
R1109,HIHAT_FULLY_OPEN_VELOCITY_5_2,1551.1.00,1555.1.00,1.0.00
R1110,,1555.1.00,1556.1.00,1.0.00
R1111,HIHAT_FULLY_OPEN_VELOCITY_5_3,1556.1.00,1560.1.00,1.0.00
R1112,,1560.1.00,1561.1.00,1.0.00
R1113,HIHAT_FULLY_OPEN_VELOCITY_5_4,1561.1.00,1565.1.00,1.0.00
R1114,,1565.1.00,1566.1.00,1.0.00
R1115,HIHAT_FULLY_OPEN_VELOCITY_5_5,1566.1.00,1570.1.00,1.0.00
R1116,,1570.1.00,1571.1.00,1.0.00
R1117,HIHAT_FULLY_OPEN_VELOCITY_5_6,1571.1.00,1575.1.00,1.0.00
R1118,,1575.1.00,1576.1.00,1.0.00
R1119,HIHAT_FULLY_OPEN_VELOCITY_5_7,1576.1.00,1580.1.00,1.0.00
R1120,,1580.1.00,1581.1.00,1.0.00
R1121,HIHAT_FULLY_OPEN_VELOCITY_5_8,1581.1.00,1585.1.00,1.0.00
R1122,,1585.1.00,1586.1.00,1.0.00
R1123,HIHAT_FULLY_OPEN_VELOCITY_6_1,1586.1.00,1590.1.00,1.0.00
R1124,,1590.1.00,1591.1.00,1.0.00
R1125,HIHAT_FULLY_OPEN_VELOCITY_6_2,1591.1.00,1595.1.00,1.0.00
R1126,,1595.1.00,1596.1.00,1.0.00
R1127,HIHAT_FULLY_OPEN_VELOCITY_6_3,1596.1.00,1600.1.00,1.0.00
R1128,,1600.1.00,1601.1.00,1.0.00
R1129,HIHAT_FULLY_OPEN_VELOCITY_6_4,1601.1.00,1605.1.00,1.0.00
R1130,,1605.1.00,1606.1.00,1.0.00
R1131,HIHAT_FULLY_OPEN_VELOCITY_6_5,1606.1.00,1610.1.00,1.0.00
R1132,,1610.1.00,1611.1.00,1.0.00
R1133,HIHAT_FULLY_OPEN_VELOCITY_6_6,1611.1.00,1615.1.00,1.0.00
R1134,,1615.1.00,1616.1.00,1.0.00
R1135,HIHAT_FULLY_OPEN_VELOCITY_6_7,1616.1.00,1620.1.00,1.0.00
R1136,,1620.1.00,1621.1.00,1.0.00
R1137,HIHAT_FULLY_OPEN_VELOCITY_6_8,1621.1.00,1625.1.00,1.0.00
R1138,,1625.1.00,1626.1.00,1.0.00
R1139,HIHAT_FULLY_OPEN_VELOCITY_7_1,1626.1.00,1630.1.00,1.0.00
R1140,,1630.1.00,1631.1.00,1.0.00
R1141,HIHAT_FULLY_OPEN_VELOCITY_7_2,1631.1.00,1635.1.00,1.0.00
R1142,,1635.1.00,1636.1.00,1.0.00
R1143,HIHAT_FULLY_OPEN_VELOCITY_7_3,1636.1.00,1640.1.00,1.0.00
R1144,,1640.1.00,1641.1.00,1.0.00
R1145,HIHAT_FULLY_OPEN_VELOCITY_7_4,1641.1.00,1645.1.00,1.0.00
R1146,,1645.1.00,1646.1.00,1.0.00
R1147,HIHAT_FULLY_OPEN_VELOCITY_7_5,1646.1.00,1650.1.00,1.0.00
R1148,,1650.1.00,1651.1.00,1.0.00
R1149,HIHAT_FULLY_OPEN_VELOCITY_7_6,1651.1.00,1655.1.00,1.0.00
R1150,,1655.1.00,1656.1.00,1.0.00
R1151,HIHAT_FULLY_OPEN_VELOCITY_7_7,1656.1.00,1660.1.00,1.0.00
R1152,,1660.1.00,1661.1.00,1.0.00
R1153,HIHAT_FULLY_OPEN_VELOCITY_7_8,1661.1.00,1665.1.00,1.0.00
R1154,,1665.1.00,1666.1.00,1.0.00
R1155,CHINA_VELOCITY_0_1,1666.1.00,1670.1.00,1.0.00
R1156,,1670.1.00,1671.1.00,1.0.00
R1157,CHINA_VELOCITY_0_2,1671.1.00,1675.1.00,1.0.00
R1158,,1675.1.00,1676.1.00,1.0.00
R1159,CHINA_VELOCITY_0_3,1676.1.00,1680.1.00,1.0.00
R1160,,1680.1.00,1681.1.00,1.0.00
R1161,CHINA_VELOCITY_0_4,1681.1.00,1685.1.00,1.0.00
R1162,,1685.1.00,1686.1.00,1.0.00
R1163,CHINA_VELOCITY_0_5,1686.1.00,1690.1.00,1.0.00
R1164,,1690.1.00,1691.1.00,1.0.00
R1165,CHINA_VELOCITY_0_6,1691.1.00,1695.1.00,1.0.00
R1166,,1695.1.00,1696.1.00,1.0.00
R1167,CHINA_VELOCITY_0_7,1696.1.00,1700.1.00,1.0.00
R1168,,1700.1.00,1701.1.00,1.0.00
R1169,CHINA_VELOCITY_0_8,1701.1.00,1705.1.00,1.0.00
R1170,,1705.1.00,1706.1.00,1.0.00
R1171,CHINA_VELOCITY_1_1,1706.1.00,1710.1.00,1.0.00
R1172,,1710.1.00,1711.1.00,1.0.00
R1173,CHINA_VELOCITY_1_2,1711.1.00,1715.1.00,1.0.00
R1174,,1715.1.00,1716.1.00,1.0.00
R1175,CHINA_VELOCITY_1_3,1716.1.00,1720.1.00,1.0.00
R1176,,1720.1.00,1721.1.00,1.0.00
R1177,CHINA_VELOCITY_1_4,1721.1.00,1725.1.00,1.0.00
R1178,,1725.1.00,1726.1.00,1.0.00
R1179,CHINA_VELOCITY_1_5,1726.1.00,1730.1.00,1.0.00
R1180,,1730.1.00,1731.1.00,1.0.00
R1181,CHINA_VELOCITY_1_6,1731.1.00,1735.1.00,1.0.00
R1182,,1735.1.00,1736.1.00,1.0.00
R1183,CHINA_VELOCITY_1_7,1736.1.00,1740.1.00,1.0.00
R1184,,1740.1.00,1741.1.00,1.0.00
R1185,CHINA_VELOCITY_1_8,1741.1.00,1745.1.00,1.0.00
R1186,,1745.1.00,1746.1.00,1.0.00
R1187,CHINA_VELOCITY_2_1,1746.1.00,1750.1.00,1.0.00
R1188,,1750.1.00,1751.1.00,1.0.00
R1189,CHINA_VELOCITY_2_2,1751.1.00,1755.1.00,1.0.00
R1190,,1755.1.00,1756.1.00,1.0.00
R1191,CHINA_VELOCITY_2_3,1756.1.00,1760.1.00,1.0.00
R1192,,1760.1.00,1761.1.00,1.0.00
R1193,CHINA_VELOCITY_2_4,1761.1.00,1765.1.00,1.0.00
R1194,,1765.1.00,1766.1.00,1.0.00
R1195,CHINA_VELOCITY_2_5,1766.1.00,1770.1.00,1.0.00
R1196,,1770.1.00,1771.1.00,1.0.00
R1197,CHINA_VELOCITY_2_6,1771.1.00,1775.1.00,1.0.00
R1198,,1775.1.00,1776.1.00,1.0.00
R1199,CHINA_VELOCITY_2_7,1776.1.00,1780.1.00,1.0.00
R1200,,1780.1.00,1781.1.00,1.0.00
R1201,CHINA_VELOCITY_2_8,1781.1.00,1785.1.00,1.0.00
R1202,,1785.1.00,1786.1.00,1.0.00
R1203,CHINA_VELOCITY_3_1,1786.1.00,1790.1.00,1.0.00
R1204,,1790.1.00,1791.1.00,1.0.00
R1205,CHINA_VELOCITY_3_2,1791.1.00,1795.1.00,1.0.00
R1206,,1795.1.00,1796.1.00,1.0.00
R1207,CHINA_VELOCITY_3_3,1796.1.00,1800.1.00,1.0.00
R1208,,1800.1.00,1801.1.00,1.0.00
R1209,CHINA_VELOCITY_3_4,1801.1.00,1805.1.00,1.0.00
R1210,,1805.1.00,1806.1.00,1.0.00
R1211,CHINA_VELOCITY_3_5,1806.1.00,1810.1.00,1.0.00
R1212,,1810.1.00,1811.1.00,1.0.00
R1213,CHINA_VELOCITY_3_6,1811.1.00,1815.1.00,1.0.00
R1214,,1815.1.00,1816.1.00,1.0.00
R1215,CHINA_VELOCITY_3_7,1816.1.00,1820.1.00,1.0.00
R1216,,1820.1.00,1821.1.00,1.0.00
R1217,CHINA_VELOCITY_3_8,1821.1.00,1825.1.00,1.0.00
R1218,,1825.1.00,1826.1.00,1.0.00
R1219,CHINA_VELOCITY_4_1,1826.1.00,1830.1.00,1.0.00
R1220,,1830.1.00,1831.1.00,1.0.00
R1221,CHINA_VELOCITY_4_2,1831.1.00,1835.1.00,1.0.00
R1222,,1835.1.00,1836.1.00,1.0.00
R1223,CHINA_VELOCITY_4_3,1836.1.00,1840.1.00,1.0.00
R1224,,1840.1.00,1841.1.00,1.0.00
R1225,CHINA_VELOCITY_4_4,1841.1.00,1845.1.00,1.0.00
R1226,,1845.1.00,1846.1.00,1.0.00
R1227,CHINA_VELOCITY_4_5,1846.1.00,1850.1.00,1.0.00
R1228,,1850.1.00,1851.1.00,1.0.00
R1229,CHINA_VELOCITY_4_6,1851.1.00,1855.1.00,1.0.00
R1230,,1855.1.00,1856.1.00,1.0.00
R1231,CHINA_VELOCITY_4_7,1856.1.00,1860.1.00,1.0.00
R1232,,1860.1.00,1861.1.00,1.0.00
R1233,CHINA_VELOCITY_4_8,1861.1.00,1865.1.00,1.0.00
R1234,,1865.1.00,1866.1.00,1.0.00
R1235,CHINA_VELOCITY_5_1,1866.1.00,1870.1.00,1.0.00
R1236,,1870.1.00,1871.1.00,1.0.00
R1237,CHINA_VELOCITY_5_2,1871.1.00,1875.1.00,1.0.00
R1238,,1875.1.00,1876.1.00,1.0.00
R1239,CHINA_VELOCITY_5_3,1876.1.00,1880.1.00,1.0.00
R1240,,1880.1.00,1881.1.00,1.0.00
R1241,CHINA_VELOCITY_5_4,1881.1.00,1885.1.00,1.0.00
R1242,,1885.1.00,1886.1.00,1.0.00
R1243,CHINA_VELOCITY_5_5,1886.1.00,1890.1.00,1.0.00
R1244,,1890.1.00,1891.1.00,1.0.00
R1245,CHINA_VELOCITY_5_6,1891.1.00,1895.1.00,1.0.00
R1246,,1895.1.00,1896.1.00,1.0.00
R1247,CHINA_VELOCITY_5_7,1896.1.00,1900.1.00,1.0.00
R1248,,1900.1.00,1901.1.00,1.0.00
R1249,CHINA_VELOCITY_5_8,1901.1.00,1905.1.00,1.0.00
R1250,,1905.1.00,1906.1.00,1.0.00
R1251,CHINA_VELOCITY_6_1,1906.1.00,1910.1.00,1.0.00
R1252,,1910.1.00,1911.1.00,1.0.00
R1253,CHINA_VELOCITY_6_2,1911.1.00,1915.1.00,1.0.00
R1254,,1915.1.00,1916.1.00,1.0.00
R1255,CHINA_VELOCITY_6_3,1916.1.00,1920.1.00,1.0.00
R1256,,1920.1.00,1921.1.00,1.0.00
R1257,CHINA_VELOCITY_6_4,1921.1.00,1925.1.00,1.0.00
R1258,,1925.1.00,1926.1.00,1.0.00
R1259,CHINA_VELOCITY_6_5,1926.1.00,1930.1.00,1.0.00
R1260,,1930.1.00,1931.1.00,1.0.00
R1261,CHINA_VELOCITY_6_6,1931.1.00,1935.1.00,1.0.00
R1262,,1935.1.00,1936.1.00,1.0.00
R1263,CHINA_VELOCITY_6_7,1936.1.00,1940.1.00,1.0.00
R1264,,1940.1.00,1941.1.00,1.0.00
R1265,CHINA_VELOCITY_6_8,1941.1.00,1945.1.00,1.0.00
R1266,,1945.1.00,1946.1.00,1.0.00
R1267,CHINA_VELOCITY_7_1,1946.1.00,1950.1.00,1.0.00
R1268,,1950.1.00,1951.1.00,1.0.00
R1269,CHINA_VELOCITY_7_2,1951.1.00,1955.1.00,1.0.00
R1270,,1955.1.00,1956.1.00,1.0.00
R1271,CHINA_VELOCITY_7_3,1956.1.00,1960.1.00,1.0.00
R1272,,1960.1.00,1961.1.00,1.0.00
R1273,CHINA_VELOCITY_7_4,1961.1.00,1965.1.00,1.0.00
R1274,,1965.1.00,1966.1.00,1.0.00
R1275,CHINA_VELOCITY_7_5,1966.1.00,1970.1.00,1.0.00
R1276,,1970.1.00,1971.1.00,1.0.00
R1277,CHINA_VELOCITY_7_6,1971.1.00,1975.1.00,1.0.00
R1278,,1975.1.00,1976.1.00,1.0.00
R1279,CHINA_VELOCITY_7_7,1976.1.00,1980.1.00,1.0.00
R1280,,1980.1.00,1981.1.00,1.0.00
R1281,CHINA_VELOCITY_7_8,1981.1.00,1985.1.00,1.0.00
R1282,,1985.1.00,1986.1.00,1.0.00
R1283,LEFT_CRASH_VELOCITY_0_1,1986.1.00,1990.1.00,1.0.00
R1284,,1990.1.00,1991.1.00,1.0.00
R1285,LEFT_CRASH_VELOCITY_0_2,1991.1.00,1995.1.00,1.0.00
R1286,,1995.1.00,1996.1.00,1.0.00
R1287,LEFT_CRASH_VELOCITY_0_3,1996.1.00,2000.1.00,1.0.00
R1288,,2000.1.00,2001.1.00,1.0.00
R1289,LEFT_CRASH_VELOCITY_0_4,2001.1.00,2005.1.00,1.0.00
R1290,,2005.1.00,2006.1.00,1.0.00
R1291,LEFT_CRASH_VELOCITY_0_5,2006.1.00,2010.1.00,1.0.00
R1292,,2010.1.00,2011.1.00,1.0.00
R1293,LEFT_CRASH_VELOCITY_0_6,2011.1.00,2015.1.00,1.0.00
R1294,,2015.1.00,2016.1.00,1.0.00
R1295,LEFT_CRASH_VELOCITY_0_7,2016.1.00,2020.1.00,1.0.00
R1296,,2020.1.00,2021.1.00,1.0.00
R1297,LEFT_CRASH_VELOCITY_0_8,2021.1.00,2025.1.00,1.0.00
R1298,,2025.1.00,2026.1.00,1.0.00
R1299,LEFT_CRASH_VELOCITY_1_1,2026.1.00,2030.1.00,1.0.00
R1300,,2030.1.00,2031.1.00,1.0.00
R1301,LEFT_CRASH_VELOCITY_1_2,2031.1.00,2035.1.00,1.0.00
R1302,,2035.1.00,2036.1.00,1.0.00
R1303,LEFT_CRASH_VELOCITY_1_3,2036.1.00,2040.1.00,1.0.00
R1304,,2040.1.00,2041.1.00,1.0.00
R1305,LEFT_CRASH_VELOCITY_1_4,2041.1.00,2045.1.00,1.0.00
R1306,,2045.1.00,2046.1.00,1.0.00
R1307,LEFT_CRASH_VELOCITY_1_5,2046.1.00,2050.1.00,1.0.00
R1308,,2050.1.00,2051.1.00,1.0.00
R1309,LEFT_CRASH_VELOCITY_1_6,2051.1.00,2055.1.00,1.0.00
R1310,,2055.1.00,2056.1.00,1.0.00
R1311,LEFT_CRASH_VELOCITY_1_7,2056.1.00,2060.1.00,1.0.00
R1312,,2060.1.00,2061.1.00,1.0.00
R1313,LEFT_CRASH_VELOCITY_1_8,2061.1.00,2065.1.00,1.0.00
R1314,,2065.1.00,2066.1.00,1.0.00
R1315,LEFT_CRASH_VELOCITY_2_1,2066.1.00,2070.1.00,1.0.00
R1316,,2070.1.00,2071.1.00,1.0.00
R1317,LEFT_CRASH_VELOCITY_2_2,2071.1.00,2075.1.00,1.0.00
R1318,,2075.1.00,2076.1.00,1.0.00
R1319,LEFT_CRASH_VELOCITY_2_3,2076.1.00,2080.1.00,1.0.00
R1320,,2080.1.00,2081.1.00,1.0.00
R1321,LEFT_CRASH_VELOCITY_2_4,2081.1.00,2085.1.00,1.0.00
R1322,,2085.1.00,2086.1.00,1.0.00
R1323,LEFT_CRASH_VELOCITY_2_5,2086.1.00,2090.1.00,1.0.00
R1324,,2090.1.00,2091.1.00,1.0.00
R1325,LEFT_CRASH_VELOCITY_2_6,2091.1.00,2095.1.00,1.0.00
R1326,,2095.1.00,2096.1.00,1.0.00
R1327,LEFT_CRASH_VELOCITY_2_7,2096.1.00,2100.1.00,1.0.00
R1328,,2100.1.00,2101.1.00,1.0.00
R1329,LEFT_CRASH_VELOCITY_2_8,2101.1.00,2105.1.00,1.0.00
R1330,,2105.1.00,2106.1.00,1.0.00
R1331,LEFT_CRASH_VELOCITY_3_1,2106.1.00,2110.1.00,1.0.00
R1332,,2110.1.00,2111.1.00,1.0.00
R1333,LEFT_CRASH_VELOCITY_3_2,2111.1.00,2115.1.00,1.0.00
R1334,,2115.1.00,2116.1.00,1.0.00
R1335,LEFT_CRASH_VELOCITY_3_3,2116.1.00,2120.1.00,1.0.00
R1336,,2120.1.00,2121.1.00,1.0.00
R1337,LEFT_CRASH_VELOCITY_3_4,2121.1.00,2125.1.00,1.0.00
R1338,,2125.1.00,2126.1.00,1.0.00
R1339,LEFT_CRASH_VELOCITY_3_5,2126.1.00,2130.1.00,1.0.00
R1340,,2130.1.00,2131.1.00,1.0.00
R1341,LEFT_CRASH_VELOCITY_3_6,2131.1.00,2135.1.00,1.0.00
R1342,,2135.1.00,2136.1.00,1.0.00
R1343,LEFT_CRASH_VELOCITY_3_7,2136.1.00,2140.1.00,1.0.00
R1344,,2140.1.00,2141.1.00,1.0.00
R1345,LEFT_CRASH_VELOCITY_3_8,2141.1.00,2145.1.00,1.0.00
R1346,,2145.1.00,2146.1.00,1.0.00
R1347,LEFT_CRASH_VELOCITY_4_1,2146.1.00,2150.1.00,1.0.00
R1348,,2150.1.00,2151.1.00,1.0.00
R1349,LEFT_CRASH_VELOCITY_4_2,2151.1.00,2155.1.00,1.0.00
R1350,,2155.1.00,2156.1.00,1.0.00
R1351,LEFT_CRASH_VELOCITY_4_3,2156.1.00,2160.1.00,1.0.00
R1352,,2160.1.00,2161.1.00,1.0.00
R1353,LEFT_CRASH_VELOCITY_4_4,2161.1.00,2165.1.00,1.0.00
R1354,,2165.1.00,2166.1.00,1.0.00
R1355,LEFT_CRASH_VELOCITY_4_5,2166.1.00,2170.1.00,1.0.00
R1356,,2170.1.00,2171.1.00,1.0.00
R1357,LEFT_CRASH_VELOCITY_4_6,2171.1.00,2175.1.00,1.0.00
R1358,,2175.1.00,2176.1.00,1.0.00
R1359,LEFT_CRASH_VELOCITY_4_7,2176.1.00,2180.1.00,1.0.00
R1360,,2180.1.00,2181.1.00,1.0.00
R1361,LEFT_CRASH_VELOCITY_4_8,2181.1.00,2185.1.00,1.0.00
R1362,,2185.1.00,2186.1.00,1.0.00
R1363,LEFT_CRASH_VELOCITY_5_1,2186.1.00,2190.1.00,1.0.00
R1364,,2190.1.00,2191.1.00,1.0.00
R1365,LEFT_CRASH_VELOCITY_5_2,2191.1.00,2195.1.00,1.0.00
R1366,,2195.1.00,2196.1.00,1.0.00
R1367,LEFT_CRASH_VELOCITY_5_3,2196.1.00,2200.1.00,1.0.00
R1368,,2200.1.00,2201.1.00,1.0.00
R1369,LEFT_CRASH_VELOCITY_5_4,2201.1.00,2205.1.00,1.0.00
R1370,,2205.1.00,2206.1.00,1.0.00
R1371,LEFT_CRASH_VELOCITY_5_5,2206.1.00,2210.1.00,1.0.00
R1372,,2210.1.00,2211.1.00,1.0.00
R1373,LEFT_CRASH_VELOCITY_5_6,2211.1.00,2215.1.00,1.0.00
R1374,,2215.1.00,2216.1.00,1.0.00
R1375,LEFT_CRASH_VELOCITY_5_7,2216.1.00,2220.1.00,1.0.00
R1376,,2220.1.00,2221.1.00,1.0.00
R1377,LEFT_CRASH_VELOCITY_5_8,2221.1.00,2225.1.00,1.0.00
R1378,,2225.1.00,2226.1.00,1.0.00
R1379,LEFT_CRASH_VELOCITY_6_1,2226.1.00,2230.1.00,1.0.00
R1380,,2230.1.00,2231.1.00,1.0.00
R1381,LEFT_CRASH_VELOCITY_6_2,2231.1.00,2235.1.00,1.0.00
R1382,,2235.1.00,2236.1.00,1.0.00
R1383,LEFT_CRASH_VELOCITY_6_3,2236.1.00,2240.1.00,1.0.00
R1384,,2240.1.00,2241.1.00,1.0.00
R1385,LEFT_CRASH_VELOCITY_6_4,2241.1.00,2245.1.00,1.0.00
R1386,,2245.1.00,2246.1.00,1.0.00
R1387,LEFT_CRASH_VELOCITY_6_5,2246.1.00,2250.1.00,1.0.00
R1388,,2250.1.00,2251.1.00,1.0.00
R1389,LEFT_CRASH_VELOCITY_6_6,2251.1.00,2255.1.00,1.0.00
R1390,,2255.1.00,2256.1.00,1.0.00
R1391,LEFT_CRASH_VELOCITY_6_7,2256.1.00,2260.1.00,1.0.00
R1392,,2260.1.00,2261.1.00,1.0.00
R1393,LEFT_CRASH_VELOCITY_6_8,2261.1.00,2265.1.00,1.0.00
R1394,,2265.1.00,2266.1.00,1.0.00
R1395,LEFT_CRASH_VELOCITY_7_1,2266.1.00,2270.1.00,1.0.00
R1396,,2270.1.00,2271.1.00,1.0.00
R1397,LEFT_CRASH_VELOCITY_7_2,2271.1.00,2275.1.00,1.0.00
R1398,,2275.1.00,2276.1.00,1.0.00
R1399,LEFT_CRASH_VELOCITY_7_3,2276.1.00,2280.1.00,1.0.00
R1400,,2280.1.00,2281.1.00,1.0.00
R1401,LEFT_CRASH_VELOCITY_7_4,2281.1.00,2285.1.00,1.0.00
R1402,,2285.1.00,2286.1.00,1.0.00
R1403,LEFT_CRASH_VELOCITY_7_5,2286.1.00,2290.1.00,1.0.00
R1404,,2290.1.00,2291.1.00,1.0.00
R1405,LEFT_CRASH_VELOCITY_7_6,2291.1.00,2295.1.00,1.0.00
R1406,,2295.1.00,2296.1.00,1.0.00
R1407,LEFT_CRASH_VELOCITY_7_7,2296.1.00,2300.1.00,1.0.00
R1408,,2300.1.00,2301.1.00,1.0.00
R1409,LEFT_CRASH_VELOCITY_7_8,2301.1.00,2305.1.00,1.0.00
R1410,,2305.1.00,2306.1.00,1.0.00
R1411,RIGHT_CRASH_VELOCITY_0_1,2306.1.00,2310.1.00,1.0.00
R1412,,2310.1.00,2311.1.00,1.0.00
R1413,RIGHT_CRASH_VELOCITY_0_2,2311.1.00,2315.1.00,1.0.00
R1414,,2315.1.00,2316.1.00,1.0.00
R1415,RIGHT_CRASH_VELOCITY_0_3,2316.1.00,2320.1.00,1.0.00
R1416,,2320.1.00,2321.1.00,1.0.00
R1417,RIGHT_CRASH_VELOCITY_0_4,2321.1.00,2325.1.00,1.0.00
R1418,,2325.1.00,2326.1.00,1.0.00
R1419,RIGHT_CRASH_VELOCITY_0_5,2326.1.00,2330.1.00,1.0.00
R1420,,2330.1.00,2331.1.00,1.0.00
R1421,RIGHT_CRASH_VELOCITY_0_6,2331.1.00,2335.1.00,1.0.00
R1422,,2335.1.00,2336.1.00,1.0.00
R1423,RIGHT_CRASH_VELOCITY_0_7,2336.1.00,2340.1.00,1.0.00
R1424,,2340.1.00,2341.1.00,1.0.00
R1425,RIGHT_CRASH_VELOCITY_0_8,2341.1.00,2345.1.00,1.0.00
R1426,,2345.1.00,2346.1.00,1.0.00
R1427,RIGHT_CRASH_VELOCITY_1_1,2346.1.00,2350.1.00,1.0.00
R1428,,2350.1.00,2351.1.00,1.0.00
R1429,RIGHT_CRASH_VELOCITY_1_2,2351.1.00,2355.1.00,1.0.00
R1430,,2355.1.00,2356.1.00,1.0.00
R1431,RIGHT_CRASH_VELOCITY_1_3,2356.1.00,2360.1.00,1.0.00
R1432,,2360.1.00,2361.1.00,1.0.00
R1433,RIGHT_CRASH_VELOCITY_1_4,2361.1.00,2365.1.00,1.0.00
R1434,,2365.1.00,2366.1.00,1.0.00
R1435,RIGHT_CRASH_VELOCITY_1_5,2366.1.00,2370.1.00,1.0.00
R1436,,2370.1.00,2371.1.00,1.0.00
R1437,RIGHT_CRASH_VELOCITY_1_6,2371.1.00,2375.1.00,1.0.00
R1438,,2375.1.00,2376.1.00,1.0.00
R1439,RIGHT_CRASH_VELOCITY_1_7,2376.1.00,2380.1.00,1.0.00
R1440,,2380.1.00,2381.1.00,1.0.00
R1441,RIGHT_CRASH_VELOCITY_1_8,2381.1.00,2385.1.00,1.0.00
R1442,,2385.1.00,2386.1.00,1.0.00
R1443,RIGHT_CRASH_VELOCITY_2_1,2386.1.00,2390.1.00,1.0.00
R1444,,2390.1.00,2391.1.00,1.0.00
R1445,RIGHT_CRASH_VELOCITY_2_2,2391.1.00,2395.1.00,1.0.00
R1446,,2395.1.00,2396.1.00,1.0.00
R1447,RIGHT_CRASH_VELOCITY_2_3,2396.1.00,2400.1.00,1.0.00
R1448,,2400.1.00,2401.1.00,1.0.00
R1449,RIGHT_CRASH_VELOCITY_2_4,2401.1.00,2405.1.00,1.0.00
R1450,,2405.1.00,2406.1.00,1.0.00
R1451,RIGHT_CRASH_VELOCITY_2_5,2406.1.00,2410.1.00,1.0.00
R1452,,2410.1.00,2411.1.00,1.0.00
R1453,RIGHT_CRASH_VELOCITY_2_6,2411.1.00,2415.1.00,1.0.00
R1454,,2415.1.00,2416.1.00,1.0.00
R1455,RIGHT_CRASH_VELOCITY_2_7,2416.1.00,2420.1.00,1.0.00
R1456,,2420.1.00,2421.1.00,1.0.00
R1457,RIGHT_CRASH_VELOCITY_2_8,2421.1.00,2425.1.00,1.0.00
R1458,,2425.1.00,2426.1.00,1.0.00
R1459,RIGHT_CRASH_VELOCITY_3_1,2426.1.00,2430.1.00,1.0.00
R1460,,2430.1.00,2431.1.00,1.0.00
R1461,RIGHT_CRASH_VELOCITY_3_2,2431.1.00,2435.1.00,1.0.00
R1462,,2435.1.00,2436.1.00,1.0.00
R1463,RIGHT_CRASH_VELOCITY_3_3,2436.1.00,2440.1.00,1.0.00
R1464,,2440.1.00,2441.1.00,1.0.00
R1465,RIGHT_CRASH_VELOCITY_3_4,2441.1.00,2445.1.00,1.0.00
R1466,,2445.1.00,2446.1.00,1.0.00
R1467,RIGHT_CRASH_VELOCITY_3_5,2446.1.00,2450.1.00,1.0.00
R1468,,2450.1.00,2451.1.00,1.0.00
R1469,RIGHT_CRASH_VELOCITY_3_6,2451.1.00,2455.1.00,1.0.00
R1470,,2455.1.00,2456.1.00,1.0.00
R1471,RIGHT_CRASH_VELOCITY_3_7,2456.1.00,2460.1.00,1.0.00
R1472,,2460.1.00,2461.1.00,1.0.00
R1473,RIGHT_CRASH_VELOCITY_3_8,2461.1.00,2465.1.00,1.0.00
R1474,,2465.1.00,2466.1.00,1.0.00
R1475,RIGHT_CRASH_VELOCITY_4_1,2466.1.00,2470.1.00,1.0.00
R1476,,2470.1.00,2471.1.00,1.0.00
R1477,RIGHT_CRASH_VELOCITY_4_2,2471.1.00,2475.1.00,1.0.00
R1478,,2475.1.00,2476.1.00,1.0.00
R1479,RIGHT_CRASH_VELOCITY_4_3,2476.1.00,2480.1.00,1.0.00
R1480,,2480.1.00,2481.1.00,1.0.00
R1481,RIGHT_CRASH_VELOCITY_4_4,2481.1.00,2485.1.00,1.0.00
R1482,,2485.1.00,2486.1.00,1.0.00
R1483,RIGHT_CRASH_VELOCITY_4_5,2486.1.00,2490.1.00,1.0.00
R1484,,2490.1.00,2491.1.00,1.0.00
R1485,RIGHT_CRASH_VELOCITY_4_6,2491.1.00,2495.1.00,1.0.00
R1486,,2495.1.00,2496.1.00,1.0.00
R1487,RIGHT_CRASH_VELOCITY_4_7,2496.1.00,2500.1.00,1.0.00
R1488,,2500.1.00,2501.1.00,1.0.00
R1489,RIGHT_CRASH_VELOCITY_4_8,2501.1.00,2505.1.00,1.0.00
R1490,,2505.1.00,2506.1.00,1.0.00
R1491,RIGHT_CRASH_VELOCITY_5_1,2506.1.00,2510.1.00,1.0.00
R1492,,2510.1.00,2511.1.00,1.0.00
R1493,RIGHT_CRASH_VELOCITY_5_2,2511.1.00,2515.1.00,1.0.00
R1494,,2515.1.00,2516.1.00,1.0.00
R1495,RIGHT_CRASH_VELOCITY_5_3,2516.1.00,2520.1.00,1.0.00
R1496,,2520.1.00,2521.1.00,1.0.00
R1497,RIGHT_CRASH_VELOCITY_5_4,2521.1.00,2525.1.00,1.0.00
R1498,,2525.1.00,2526.1.00,1.0.00
R1499,RIGHT_CRASH_VELOCITY_5_5,2526.1.00,2530.1.00,1.0.00
R1500,,2530.1.00,2531.1.00,1.0.00
R1501,RIGHT_CRASH_VELOCITY_5_6,2531.1.00,2535.1.00,1.0.00
R1502,,2535.1.00,2536.1.00,1.0.00
R1503,RIGHT_CRASH_VELOCITY_5_7,2536.1.00,2540.1.00,1.0.00
R1504,,2540.1.00,2541.1.00,1.0.00
R1505,RIGHT_CRASH_VELOCITY_5_8,2541.1.00,2545.1.00,1.0.00
R1506,,2545.1.00,2546.1.00,1.0.00
R1507,RIGHT_CRASH_VELOCITY_6_1,2546.1.00,2550.1.00,1.0.00
R1508,,2550.1.00,2551.1.00,1.0.00
R1509,RIGHT_CRASH_VELOCITY_6_2,2551.1.00,2555.1.00,1.0.00
R1510,,2555.1.00,2556.1.00,1.0.00
R1511,RIGHT_CRASH_VELOCITY_6_3,2556.1.00,2560.1.00,1.0.00
R1512,,2560.1.00,2561.1.00,1.0.00
R1513,RIGHT_CRASH_VELOCITY_6_4,2561.1.00,2565.1.00,1.0.00
R1514,,2565.1.00,2566.1.00,1.0.00
R1515,RIGHT_CRASH_VELOCITY_6_5,2566.1.00,2570.1.00,1.0.00
R1516,,2570.1.00,2571.1.00,1.0.00
R1517,RIGHT_CRASH_VELOCITY_6_6,2571.1.00,2575.1.00,1.0.00
R1518,,2575.1.00,2576.1.00,1.0.00
R1519,RIGHT_CRASH_VELOCITY_6_7,2576.1.00,2580.1.00,1.0.00
R1520,,2580.1.00,2581.1.00,1.0.00
R1521,RIGHT_CRASH_VELOCITY_6_8,2581.1.00,2585.1.00,1.0.00
R1522,,2585.1.00,2586.1.00,1.0.00
R1523,RIGHT_CRASH_VELOCITY_7_1,2586.1.00,2590.1.00,1.0.00
R1524,,2590.1.00,2591.1.00,1.0.00
R1525,RIGHT_CRASH_VELOCITY_7_2,2591.1.00,2595.1.00,1.0.00
R1526,,2595.1.00,2596.1.00,1.0.00
R1527,RIGHT_CRASH_VELOCITY_7_3,2596.1.00,2600.1.00,1.0.00
R1528,,2600.1.00,2601.1.00,1.0.00
R1529,RIGHT_CRASH_VELOCITY_7_4,2601.1.00,2605.1.00,1.0.00
R1530,,2605.1.00,2606.1.00,1.0.00
R1531,RIGHT_CRASH_VELOCITY_7_5,2606.1.00,2610.1.00,1.0.00
R1532,,2610.1.00,2611.1.00,1.0.00
R1533,RIGHT_CRASH_VELOCITY_7_6,2611.1.00,2615.1.00,1.0.00
R1534,,2615.1.00,2616.1.00,1.0.00
R1535,RIGHT_CRASH_VELOCITY_7_7,2616.1.00,2620.1.00,1.0.00
R1536,,2620.1.00,2621.1.00,1.0.00
R1537,RIGHT_CRASH_VELOCITY_7_8,2621.1.00,2625.1.00,1.0.00
R1538,,2625.1.00,2626.1.00,1.0.00
R1539,LEFT_WIDE_CRASH_VELOCITY_0_1,2626.1.00,2630.1.00,1.0.00
R1540,,2630.1.00,2631.1.00,1.0.00
R1541,LEFT_WIDE_CRASH_VELOCITY_0_2,2631.1.00,2635.1.00,1.0.00
R1542,,2635.1.00,2636.1.00,1.0.00
R1543,LEFT_WIDE_CRASH_VELOCITY_0_3,2636.1.00,2640.1.00,1.0.00
R1544,,2640.1.00,2641.1.00,1.0.00
R1545,LEFT_WIDE_CRASH_VELOCITY_0_4,2641.1.00,2645.1.00,1.0.00
R1546,,2645.1.00,2646.1.00,1.0.00
R1547,LEFT_WIDE_CRASH_VELOCITY_0_5,2646.1.00,2650.1.00,1.0.00
R1548,,2650.1.00,2651.1.00,1.0.00
R1549,LEFT_WIDE_CRASH_VELOCITY_0_6,2651.1.00,2655.1.00,1.0.00
R1550,,2655.1.00,2656.1.00,1.0.00
R1551,LEFT_WIDE_CRASH_VELOCITY_0_7,2656.1.00,2660.1.00,1.0.00
R1552,,2660.1.00,2661.1.00,1.0.00
R1553,LEFT_WIDE_CRASH_VELOCITY_0_8,2661.1.00,2665.1.00,1.0.00
R1554,,2665.1.00,2666.1.00,1.0.00
R1555,LEFT_WIDE_CRASH_VELOCITY_1_1,2666.1.00,2670.1.00,1.0.00
R1556,,2670.1.00,2671.1.00,1.0.00
R1557,LEFT_WIDE_CRASH_VELOCITY_1_2,2671.1.00,2675.1.00,1.0.00
R1558,,2675.1.00,2676.1.00,1.0.00
R1559,LEFT_WIDE_CRASH_VELOCITY_1_3,2676.1.00,2680.1.00,1.0.00
R1560,,2680.1.00,2681.1.00,1.0.00
R1561,LEFT_WIDE_CRASH_VELOCITY_1_4,2681.1.00,2685.1.00,1.0.00
R1562,,2685.1.00,2686.1.00,1.0.00
R1563,LEFT_WIDE_CRASH_VELOCITY_1_5,2686.1.00,2690.1.00,1.0.00
R1564,,2690.1.00,2691.1.00,1.0.00
R1565,LEFT_WIDE_CRASH_VELOCITY_1_6,2691.1.00,2695.1.00,1.0.00
R1566,,2695.1.00,2696.1.00,1.0.00
R1567,LEFT_WIDE_CRASH_VELOCITY_1_7,2696.1.00,2700.1.00,1.0.00
R1568,,2700.1.00,2701.1.00,1.0.00
R1569,LEFT_WIDE_CRASH_VELOCITY_1_8,2701.1.00,2705.1.00,1.0.00
R1570,,2705.1.00,2706.1.00,1.0.00
R1571,LEFT_WIDE_CRASH_VELOCITY_2_1,2706.1.00,2710.1.00,1.0.00
R1572,,2710.1.00,2711.1.00,1.0.00
R1573,LEFT_WIDE_CRASH_VELOCITY_2_2,2711.1.00,2715.1.00,1.0.00
R1574,,2715.1.00,2716.1.00,1.0.00
R1575,LEFT_WIDE_CRASH_VELOCITY_2_3,2716.1.00,2720.1.00,1.0.00
R1576,,2720.1.00,2721.1.00,1.0.00
R1577,LEFT_WIDE_CRASH_VELOCITY_2_4,2721.1.00,2725.1.00,1.0.00
R1578,,2725.1.00,2726.1.00,1.0.00
R1579,LEFT_WIDE_CRASH_VELOCITY_2_5,2726.1.00,2730.1.00,1.0.00
R1580,,2730.1.00,2731.1.00,1.0.00
R1581,LEFT_WIDE_CRASH_VELOCITY_2_6,2731.1.00,2735.1.00,1.0.00
R1582,,2735.1.00,2736.1.00,1.0.00
R1583,LEFT_WIDE_CRASH_VELOCITY_2_7,2736.1.00,2740.1.00,1.0.00
R1584,,2740.1.00,2741.1.00,1.0.00
R1585,LEFT_WIDE_CRASH_VELOCITY_2_8,2741.1.00,2745.1.00,1.0.00
R1586,,2745.1.00,2746.1.00,1.0.00
R1587,LEFT_WIDE_CRASH_VELOCITY_3_1,2746.1.00,2750.1.00,1.0.00
R1588,,2750.1.00,2751.1.00,1.0.00
R1589,LEFT_WIDE_CRASH_VELOCITY_3_2,2751.1.00,2755.1.00,1.0.00
R1590,,2755.1.00,2756.1.00,1.0.00
R1591,LEFT_WIDE_CRASH_VELOCITY_3_3,2756.1.00,2760.1.00,1.0.00
R1592,,2760.1.00,2761.1.00,1.0.00
R1593,LEFT_WIDE_CRASH_VELOCITY_3_4,2761.1.00,2765.1.00,1.0.00
R1594,,2765.1.00,2766.1.00,1.0.00
R1595,LEFT_WIDE_CRASH_VELOCITY_3_5,2766.1.00,2770.1.00,1.0.00
R1596,,2770.1.00,2771.1.00,1.0.00
R1597,LEFT_WIDE_CRASH_VELOCITY_3_6,2771.1.00,2775.1.00,1.0.00
R1598,,2775.1.00,2776.1.00,1.0.00
R1599,LEFT_WIDE_CRASH_VELOCITY_3_7,2776.1.00,2780.1.00,1.0.00
R1600,,2780.1.00,2781.1.00,1.0.00
R1601,LEFT_WIDE_CRASH_VELOCITY_3_8,2781.1.00,2785.1.00,1.0.00
R1602,,2785.1.00,2786.1.00,1.0.00
R1603,LEFT_WIDE_CRASH_VELOCITY_4_1,2786.1.00,2790.1.00,1.0.00
R1604,,2790.1.00,2791.1.00,1.0.00
R1605,LEFT_WIDE_CRASH_VELOCITY_4_2,2791.1.00,2795.1.00,1.0.00
R1606,,2795.1.00,2796.1.00,1.0.00
R1607,LEFT_WIDE_CRASH_VELOCITY_4_3,2796.1.00,2800.1.00,1.0.00
R1608,,2800.1.00,2801.1.00,1.0.00
R1609,LEFT_WIDE_CRASH_VELOCITY_4_4,2801.1.00,2805.1.00,1.0.00
R1610,,2805.1.00,2806.1.00,1.0.00
R1611,LEFT_WIDE_CRASH_VELOCITY_4_5,2806.1.00,2810.1.00,1.0.00
R1612,,2810.1.00,2811.1.00,1.0.00
R1613,LEFT_WIDE_CRASH_VELOCITY_4_6,2811.1.00,2815.1.00,1.0.00
R1614,,2815.1.00,2816.1.00,1.0.00
R1615,LEFT_WIDE_CRASH_VELOCITY_4_7,2816.1.00,2820.1.00,1.0.00
R1616,,2820.1.00,2821.1.00,1.0.00
R1617,LEFT_WIDE_CRASH_VELOCITY_4_8,2821.1.00,2825.1.00,1.0.00
R1618,,2825.1.00,2826.1.00,1.0.00
R1619,LEFT_WIDE_CRASH_VELOCITY_5_1,2826.1.00,2830.1.00,1.0.00
R1620,,2830.1.00,2831.1.00,1.0.00
R1621,LEFT_WIDE_CRASH_VELOCITY_5_2,2831.1.00,2835.1.00,1.0.00
R1622,,2835.1.00,2836.1.00,1.0.00
R1623,LEFT_WIDE_CRASH_VELOCITY_5_3,2836.1.00,2840.1.00,1.0.00
R1624,,2840.1.00,2841.1.00,1.0.00
R1625,LEFT_WIDE_CRASH_VELOCITY_5_4,2841.1.00,2845.1.00,1.0.00
R1626,,2845.1.00,2846.1.00,1.0.00
R1627,LEFT_WIDE_CRASH_VELOCITY_5_5,2846.1.00,2850.1.00,1.0.00
R1628,,2850.1.00,2851.1.00,1.0.00
R1629,LEFT_WIDE_CRASH_VELOCITY_5_6,2851.1.00,2855.1.00,1.0.00
R1630,,2855.1.00,2856.1.00,1.0.00
R1631,LEFT_WIDE_CRASH_VELOCITY_5_7,2856.1.00,2860.1.00,1.0.00
R1632,,2860.1.00,2861.1.00,1.0.00
R1633,LEFT_WIDE_CRASH_VELOCITY_5_8,2861.1.00,2865.1.00,1.0.00
R1634,,2865.1.00,2866.1.00,1.0.00
R1635,LEFT_WIDE_CRASH_VELOCITY_6_1,2866.1.00,2870.1.00,1.0.00
R1636,,2870.1.00,2871.1.00,1.0.00
R1637,LEFT_WIDE_CRASH_VELOCITY_6_2,2871.1.00,2875.1.00,1.0.00
R1638,,2875.1.00,2876.1.00,1.0.00
R1639,LEFT_WIDE_CRASH_VELOCITY_6_3,2876.1.00,2880.1.00,1.0.00
R1640,,2880.1.00,2881.1.00,1.0.00
R1641,LEFT_WIDE_CRASH_VELOCITY_6_4,2881.1.00,2885.1.00,1.0.00
R1642,,2885.1.00,2886.1.00,1.0.00
R1643,LEFT_WIDE_CRASH_VELOCITY_6_5,2886.1.00,2890.1.00,1.0.00
R1644,,2890.1.00,2891.1.00,1.0.00
R1645,LEFT_WIDE_CRASH_VELOCITY_6_6,2891.1.00,2895.1.00,1.0.00
R1646,,2895.1.00,2896.1.00,1.0.00
R1647,LEFT_WIDE_CRASH_VELOCITY_6_7,2896.1.00,2900.1.00,1.0.00
R1648,,2900.1.00,2901.1.00,1.0.00
R1649,LEFT_WIDE_CRASH_VELOCITY_6_8,2901.1.00,2905.1.00,1.0.00
R1650,,2905.1.00,2906.1.00,1.0.00
R1651,LEFT_WIDE_CRASH_VELOCITY_7_1,2906.1.00,2910.1.00,1.0.00
R1652,,2910.1.00,2911.1.00,1.0.00
R1653,LEFT_WIDE_CRASH_VELOCITY_7_2,2911.1.00,2915.1.00,1.0.00
R1654,,2915.1.00,2916.1.00,1.0.00
R1655,LEFT_WIDE_CRASH_VELOCITY_7_3,2916.1.00,2920.1.00,1.0.00
R1656,,2920.1.00,2921.1.00,1.0.00
R1657,LEFT_WIDE_CRASH_VELOCITY_7_4,2921.1.00,2925.1.00,1.0.00
R1658,,2925.1.00,2926.1.00,1.0.00
R1659,LEFT_WIDE_CRASH_VELOCITY_7_5,2926.1.00,2930.1.00,1.0.00
R1660,,2930.1.00,2931.1.00,1.0.00
R1661,LEFT_WIDE_CRASH_VELOCITY_7_6,2931.1.00,2935.1.00,1.0.00
R1662,,2935.1.00,2936.1.00,1.0.00
R1663,LEFT_WIDE_CRASH_VELOCITY_7_7,2936.1.00,2940.1.00,1.0.00
R1664,,2940.1.00,2941.1.00,1.0.00
R1665,LEFT_WIDE_CRASH_VELOCITY_7_8,2941.1.00,2945.1.00,1.0.00
R1666,,2945.1.00,2946.1.00,1.0.00
R1667,SPLASH_VELOCITY_0_1,2946.1.00,2950.1.00,1.0.00
R1668,,2950.1.00,2951.1.00,1.0.00
R1669,SPLASH_VELOCITY_0_2,2951.1.00,2955.1.00,1.0.00
R1670,,2955.1.00,2956.1.00,1.0.00
R1671,SPLASH_VELOCITY_0_3,2956.1.00,2960.1.00,1.0.00
R1672,,2960.1.00,2961.1.00,1.0.00
R1673,SPLASH_VELOCITY_0_4,2961.1.00,2965.1.00,1.0.00
R1674,,2965.1.00,2966.1.00,1.0.00
R1675,SPLASH_VELOCITY_0_5,2966.1.00,2970.1.00,1.0.00
R1676,,2970.1.00,2971.1.00,1.0.00
R1677,SPLASH_VELOCITY_0_6,2971.1.00,2975.1.00,1.0.00
R1678,,2975.1.00,2976.1.00,1.0.00
R1679,SPLASH_VELOCITY_0_7,2976.1.00,2980.1.00,1.0.00
R1680,,2980.1.00,2981.1.00,1.0.00
R1681,SPLASH_VELOCITY_0_8,2981.1.00,2985.1.00,1.0.00
R1682,,2985.1.00,2986.1.00,1.0.00
R1683,SPLASH_VELOCITY_1_1,2986.1.00,2990.1.00,1.0.00
R1684,,2990.1.00,2991.1.00,1.0.00
R1685,SPLASH_VELOCITY_1_2,2991.1.00,2995.1.00,1.0.00
R1686,,2995.1.00,2996.1.00,1.0.00
R1687,SPLASH_VELOCITY_1_3,2996.1.00,3000.1.00,1.0.00
R1688,,3000.1.00,3001.1.00,1.0.00
R1689,SPLASH_VELOCITY_1_4,3001.1.00,3005.1.00,1.0.00
R1690,,3005.1.00,3006.1.00,1.0.00
R1691,SPLASH_VELOCITY_1_5,3006.1.00,3010.1.00,1.0.00
R1692,,3010.1.00,3011.1.00,1.0.00
R1693,SPLASH_VELOCITY_1_6,3011.1.00,3015.1.00,1.0.00
R1694,,3015.1.00,3016.1.00,1.0.00
R1695,SPLASH_VELOCITY_1_7,3016.1.00,3020.1.00,1.0.00
R1696,,3020.1.00,3021.1.00,1.0.00
R1697,SPLASH_VELOCITY_1_8,3021.1.00,3025.1.00,1.0.00
R1698,,3025.1.00,3026.1.00,1.0.00
R1699,SPLASH_VELOCITY_2_1,3026.1.00,3030.1.00,1.0.00
R1700,,3030.1.00,3031.1.00,1.0.00
R1701,SPLASH_VELOCITY_2_2,3031.1.00,3035.1.00,1.0.00
R1702,,3035.1.00,3036.1.00,1.0.00
R1703,SPLASH_VELOCITY_2_3,3036.1.00,3040.1.00,1.0.00
R1704,,3040.1.00,3041.1.00,1.0.00
R1705,SPLASH_VELOCITY_2_4,3041.1.00,3045.1.00,1.0.00
R1706,,3045.1.00,3046.1.00,1.0.00
R1707,SPLASH_VELOCITY_2_5,3046.1.00,3050.1.00,1.0.00
R1708,,3050.1.00,3051.1.00,1.0.00
R1709,SPLASH_VELOCITY_2_6,3051.1.00,3055.1.00,1.0.00
R1710,,3055.1.00,3056.1.00,1.0.00
R1711,SPLASH_VELOCITY_2_7,3056.1.00,3060.1.00,1.0.00
R1712,,3060.1.00,3061.1.00,1.0.00
R1713,SPLASH_VELOCITY_2_8,3061.1.00,3065.1.00,1.0.00
R1714,,3065.1.00,3066.1.00,1.0.00
R1715,SPLASH_VELOCITY_3_1,3066.1.00,3070.1.00,1.0.00
R1716,,3070.1.00,3071.1.00,1.0.00
R1717,SPLASH_VELOCITY_3_2,3071.1.00,3075.1.00,1.0.00
R1718,,3075.1.00,3076.1.00,1.0.00
R1719,SPLASH_VELOCITY_3_3,3076.1.00,3080.1.00,1.0.00
R1720,,3080.1.00,3081.1.00,1.0.00
R1721,SPLASH_VELOCITY_3_4,3081.1.00,3085.1.00,1.0.00
R1722,,3085.1.00,3086.1.00,1.0.00
R1723,SPLASH_VELOCITY_3_5,3086.1.00,3090.1.00,1.0.00
R1724,,3090.1.00,3091.1.00,1.0.00
R1725,SPLASH_VELOCITY_3_6,3091.1.00,3095.1.00,1.0.00
R1726,,3095.1.00,3096.1.00,1.0.00
R1727,SPLASH_VELOCITY_3_7,3096.1.00,3100.1.00,1.0.00
R1728,,3100.1.00,3101.1.00,1.0.00
R1729,SPLASH_VELOCITY_3_8,3101.1.00,3105.1.00,1.0.00
R1730,,3105.1.00,3106.1.00,1.0.00
R1731,SPLASH_VELOCITY_4_1,3106.1.00,3110.1.00,1.0.00
R1732,,3110.1.00,3111.1.00,1.0.00
R1733,SPLASH_VELOCITY_4_2,3111.1.00,3115.1.00,1.0.00
R1734,,3115.1.00,3116.1.00,1.0.00
R1735,SPLASH_VELOCITY_4_3,3116.1.00,3120.1.00,1.0.00
R1736,,3120.1.00,3121.1.00,1.0.00
R1737,SPLASH_VELOCITY_4_4,3121.1.00,3125.1.00,1.0.00
R1738,,3125.1.00,3126.1.00,1.0.00
R1739,SPLASH_VELOCITY_4_5,3126.1.00,3130.1.00,1.0.00
R1740,,3130.1.00,3131.1.00,1.0.00
R1741,SPLASH_VELOCITY_4_6,3131.1.00,3135.1.00,1.0.00
R1742,,3135.1.00,3136.1.00,1.0.00
R1743,SPLASH_VELOCITY_4_7,3136.1.00,3140.1.00,1.0.00
R1744,,3140.1.00,3141.1.00,1.0.00
R1745,SPLASH_VELOCITY_4_8,3141.1.00,3145.1.00,1.0.00
R1746,,3145.1.00,3146.1.00,1.0.00
R1747,SPLASH_VELOCITY_5_1,3146.1.00,3150.1.00,1.0.00
R1748,,3150.1.00,3151.1.00,1.0.00
R1749,SPLASH_VELOCITY_5_2,3151.1.00,3155.1.00,1.0.00
R1750,,3155.1.00,3156.1.00,1.0.00
R1751,SPLASH_VELOCITY_5_3,3156.1.00,3160.1.00,1.0.00
R1752,,3160.1.00,3161.1.00,1.0.00
R1753,SPLASH_VELOCITY_5_4,3161.1.00,3165.1.00,1.0.00
R1754,,3165.1.00,3166.1.00,1.0.00
R1755,SPLASH_VELOCITY_5_5,3166.1.00,3170.1.00,1.0.00
R1756,,3170.1.00,3171.1.00,1.0.00
R1757,SPLASH_VELOCITY_5_6,3171.1.00,3175.1.00,1.0.00
R1758,,3175.1.00,3176.1.00,1.0.00
R1759,SPLASH_VELOCITY_5_7,3176.1.00,3180.1.00,1.0.00
R1760,,3180.1.00,3181.1.00,1.0.00
R1761,SPLASH_VELOCITY_5_8,3181.1.00,3185.1.00,1.0.00
R1762,,3185.1.00,3186.1.00,1.0.00
R1763,SPLASH_VELOCITY_6_1,3186.1.00,3190.1.00,1.0.00
R1764,,3190.1.00,3191.1.00,1.0.00
R1765,SPLASH_VELOCITY_6_2,3191.1.00,3195.1.00,1.0.00
R1766,,3195.1.00,3196.1.00,1.0.00
R1767,SPLASH_VELOCITY_6_3,3196.1.00,3200.1.00,1.0.00
R1768,,3200.1.00,3201.1.00,1.0.00
R1769,SPLASH_VELOCITY_6_4,3201.1.00,3205.1.00,1.0.00
R1770,,3205.1.00,3206.1.00,1.0.00
R1771,SPLASH_VELOCITY_6_5,3206.1.00,3210.1.00,1.0.00
R1772,,3210.1.00,3211.1.00,1.0.00
R1773,SPLASH_VELOCITY_6_6,3211.1.00,3215.1.00,1.0.00
R1774,,3215.1.00,3216.1.00,1.0.00
R1775,SPLASH_VELOCITY_6_7,3216.1.00,3220.1.00,1.0.00
R1776,,3220.1.00,3221.1.00,1.0.00
R1777,SPLASH_VELOCITY_6_8,3221.1.00,3225.1.00,1.0.00
R1778,,3225.1.00,3226.1.00,1.0.00
R1779,SPLASH_VELOCITY_7_1,3226.1.00,3230.1.00,1.0.00
R1780,,3230.1.00,3231.1.00,1.0.00
R1781,SPLASH_VELOCITY_7_2,3231.1.00,3235.1.00,1.0.00
R1782,,3235.1.00,3236.1.00,1.0.00
R1783,SPLASH_VELOCITY_7_3,3236.1.00,3240.1.00,1.0.00
R1784,,3240.1.00,3241.1.00,1.0.00
R1785,SPLASH_VELOCITY_7_4,3241.1.00,3245.1.00,1.0.00
R1786,,3245.1.00,3246.1.00,1.0.00
R1787,SPLASH_VELOCITY_7_5,3246.1.00,3250.1.00,1.0.00
R1788,,3250.1.00,3251.1.00,1.0.00
R1789,SPLASH_VELOCITY_7_6,3251.1.00,3255.1.00,1.0.00
R1790,,3255.1.00,3256.1.00,1.0.00
R1791,SPLASH_VELOCITY_7_7,3256.1.00,3260.1.00,1.0.00
R1792,,3260.1.00,3261.1.00,1.0.00
R1793,SPLASH_VELOCITY_7_8,3261.1.00,3265.1.00,1.0.00
R1794,,3265.1.00,3266.1.00,1.0.00
R1795,RIDE_BOW_VELOCITY_0_1,3266.1.00,3270.1.00,1.0.00
R1796,,3270.1.00,3271.1.00,1.0.00
R1797,RIDE_BOW_VELOCITY_0_2,3271.1.00,3275.1.00,1.0.00
R1798,,3275.1.00,3276.1.00,1.0.00
R1799,RIDE_BOW_VELOCITY_0_3,3276.1.00,3280.1.00,1.0.00
R1800,,3280.1.00,3281.1.00,1.0.00
R1801,RIDE_BOW_VELOCITY_0_4,3281.1.00,3285.1.00,1.0.00
R1802,,3285.1.00,3286.1.00,1.0.00
R1803,RIDE_BOW_VELOCITY_0_5,3286.1.00,3290.1.00,1.0.00
R1804,,3290.1.00,3291.1.00,1.0.00
R1805,RIDE_BOW_VELOCITY_0_6,3291.1.00,3295.1.00,1.0.00
R1806,,3295.1.00,3296.1.00,1.0.00
R1807,RIDE_BOW_VELOCITY_0_7,3296.1.00,3300.1.00,1.0.00
R1808,,3300.1.00,3301.1.00,1.0.00
R1809,RIDE_BOW_VELOCITY_0_8,3301.1.00,3305.1.00,1.0.00
R1810,,3305.1.00,3306.1.00,1.0.00
R1811,RIDE_BOW_VELOCITY_1_1,3306.1.00,3310.1.00,1.0.00
R1812,,3310.1.00,3311.1.00,1.0.00
R1813,RIDE_BOW_VELOCITY_1_2,3311.1.00,3315.1.00,1.0.00
R1814,,3315.1.00,3316.1.00,1.0.00
R1815,RIDE_BOW_VELOCITY_1_3,3316.1.00,3320.1.00,1.0.00
R1816,,3320.1.00,3321.1.00,1.0.00
R1817,RIDE_BOW_VELOCITY_1_4,3321.1.00,3325.1.00,1.0.00
R1818,,3325.1.00,3326.1.00,1.0.00
R1819,RIDE_BOW_VELOCITY_1_5,3326.1.00,3330.1.00,1.0.00
R1820,,3330.1.00,3331.1.00,1.0.00
R1821,RIDE_BOW_VELOCITY_1_6,3331.1.00,3335.1.00,1.0.00
R1822,,3335.1.00,3336.1.00,1.0.00
R1823,RIDE_BOW_VELOCITY_1_7,3336.1.00,3340.1.00,1.0.00
R1824,,3340.1.00,3341.1.00,1.0.00
R1825,RIDE_BOW_VELOCITY_1_8,3341.1.00,3345.1.00,1.0.00
R1826,,3345.1.00,3346.1.00,1.0.00
R1827,RIDE_BOW_VELOCITY_2_1,3346.1.00,3350.1.00,1.0.00
R1828,,3350.1.00,3351.1.00,1.0.00
R1829,RIDE_BOW_VELOCITY_2_2,3351.1.00,3355.1.00,1.0.00
R1830,,3355.1.00,3356.1.00,1.0.00
R1831,RIDE_BOW_VELOCITY_2_3,3356.1.00,3360.1.00,1.0.00
R1832,,3360.1.00,3361.1.00,1.0.00
R1833,RIDE_BOW_VELOCITY_2_4,3361.1.00,3365.1.00,1.0.00
R1834,,3365.1.00,3366.1.00,1.0.00
R1835,RIDE_BOW_VELOCITY_2_5,3366.1.00,3370.1.00,1.0.00
R1836,,3370.1.00,3371.1.00,1.0.00
R1837,RIDE_BOW_VELOCITY_2_6,3371.1.00,3375.1.00,1.0.00
R1838,,3375.1.00,3376.1.00,1.0.00
R1839,RIDE_BOW_VELOCITY_2_7,3376.1.00,3380.1.00,1.0.00
R1840,,3380.1.00,3381.1.00,1.0.00
R1841,RIDE_BOW_VELOCITY_2_8,3381.1.00,3385.1.00,1.0.00
R1842,,3385.1.00,3386.1.00,1.0.00
R1843,RIDE_BOW_VELOCITY_3_1,3386.1.00,3390.1.00,1.0.00
R1844,,3390.1.00,3391.1.00,1.0.00
R1845,RIDE_BOW_VELOCITY_3_2,3391.1.00,3395.1.00,1.0.00
R1846,,3395.1.00,3396.1.00,1.0.00
R1847,RIDE_BOW_VELOCITY_3_3,3396.1.00,3400.1.00,1.0.00
R1848,,3400.1.00,3401.1.00,1.0.00
R1849,RIDE_BOW_VELOCITY_3_4,3401.1.00,3405.1.00,1.0.00
R1850,,3405.1.00,3406.1.00,1.0.00
R1851,RIDE_BOW_VELOCITY_3_5,3406.1.00,3410.1.00,1.0.00
R1852,,3410.1.00,3411.1.00,1.0.00
R1853,RIDE_BOW_VELOCITY_3_6,3411.1.00,3415.1.00,1.0.00
R1854,,3415.1.00,3416.1.00,1.0.00
R1855,RIDE_BOW_VELOCITY_3_7,3416.1.00,3420.1.00,1.0.00
R1856,,3420.1.00,3421.1.00,1.0.00
R1857,RIDE_BOW_VELOCITY_3_8,3421.1.00,3425.1.00,1.0.00
R1858,,3425.1.00,3426.1.00,1.0.00
R1859,RIDE_BOW_VELOCITY_4_1,3426.1.00,3430.1.00,1.0.00
R1860,,3430.1.00,3431.1.00,1.0.00
R1861,RIDE_BOW_VELOCITY_4_2,3431.1.00,3435.1.00,1.0.00
R1862,,3435.1.00,3436.1.00,1.0.00
R1863,RIDE_BOW_VELOCITY_4_3,3436.1.00,3440.1.00,1.0.00
R1864,,3440.1.00,3441.1.00,1.0.00
R1865,RIDE_BOW_VELOCITY_4_4,3441.1.00,3445.1.00,1.0.00
R1866,,3445.1.00,3446.1.00,1.0.00
R1867,RIDE_BOW_VELOCITY_4_5,3446.1.00,3450.1.00,1.0.00
R1868,,3450.1.00,3451.1.00,1.0.00
R1869,RIDE_BOW_VELOCITY_4_6,3451.1.00,3455.1.00,1.0.00
R1870,,3455.1.00,3456.1.00,1.0.00
R1871,RIDE_BOW_VELOCITY_4_7,3456.1.00,3460.1.00,1.0.00
R1872,,3460.1.00,3461.1.00,1.0.00
R1873,RIDE_BOW_VELOCITY_4_8,3461.1.00,3465.1.00,1.0.00
R1874,,3465.1.00,3466.1.00,1.0.00
R1875,RIDE_BOW_VELOCITY_5_1,3466.1.00,3470.1.00,1.0.00
R1876,,3470.1.00,3471.1.00,1.0.00
R1877,RIDE_BOW_VELOCITY_5_2,3471.1.00,3475.1.00,1.0.00
R1878,,3475.1.00,3476.1.00,1.0.00
R1879,RIDE_BOW_VELOCITY_5_3,3476.1.00,3480.1.00,1.0.00
R1880,,3480.1.00,3481.1.00,1.0.00
R1881,RIDE_BOW_VELOCITY_5_4,3481.1.00,3485.1.00,1.0.00
R1882,,3485.1.00,3486.1.00,1.0.00
R1883,RIDE_BOW_VELOCITY_5_5,3486.1.00,3490.1.00,1.0.00
R1884,,3490.1.00,3491.1.00,1.0.00
R1885,RIDE_BOW_VELOCITY_5_6,3491.1.00,3495.1.00,1.0.00
R1886,,3495.1.00,3496.1.00,1.0.00
R1887,RIDE_BOW_VELOCITY_5_7,3496.1.00,3500.1.00,1.0.00
R1888,,3500.1.00,3501.1.00,1.0.00
R1889,RIDE_BOW_VELOCITY_5_8,3501.1.00,3505.1.00,1.0.00
R1890,,3505.1.00,3506.1.00,1.0.00
R1891,RIDE_BOW_VELOCITY_6_1,3506.1.00,3510.1.00,1.0.00
R1892,,3510.1.00,3511.1.00,1.0.00
R1893,RIDE_BOW_VELOCITY_6_2,3511.1.00,3515.1.00,1.0.00
R1894,,3515.1.00,3516.1.00,1.0.00
R1895,RIDE_BOW_VELOCITY_6_3,3516.1.00,3520.1.00,1.0.00
R1896,,3520.1.00,3521.1.00,1.0.00
R1897,RIDE_BOW_VELOCITY_6_4,3521.1.00,3525.1.00,1.0.00
R1898,,3525.1.00,3526.1.00,1.0.00
R1899,RIDE_BOW_VELOCITY_6_5,3526.1.00,3530.1.00,1.0.00
R1900,,3530.1.00,3531.1.00,1.0.00
R1901,RIDE_BOW_VELOCITY_6_6,3531.1.00,3535.1.00,1.0.00
R1902,,3535.1.00,3536.1.00,1.0.00
R1903,RIDE_BOW_VELOCITY_6_7,3536.1.00,3540.1.00,1.0.00
R1904,,3540.1.00,3541.1.00,1.0.00
R1905,RIDE_BOW_VELOCITY_6_8,3541.1.00,3545.1.00,1.0.00
R1906,,3545.1.00,3546.1.00,1.0.00
R1907,RIDE_BOW_VELOCITY_7_1,3546.1.00,3550.1.00,1.0.00
R1908,,3550.1.00,3551.1.00,1.0.00
R1909,RIDE_BOW_VELOCITY_7_2,3551.1.00,3555.1.00,1.0.00
R1910,,3555.1.00,3556.1.00,1.0.00
R1911,RIDE_BOW_VELOCITY_7_3,3556.1.00,3560.1.00,1.0.00
R1912,,3560.1.00,3561.1.00,1.0.00
R1913,RIDE_BOW_VELOCITY_7_4,3561.1.00,3565.1.00,1.0.00
R1914,,3565.1.00,3566.1.00,1.0.00
R1915,RIDE_BOW_VELOCITY_7_5,3566.1.00,3570.1.00,1.0.00
R1916,,3570.1.00,3571.1.00,1.0.00
R1917,RIDE_BOW_VELOCITY_7_6,3571.1.00,3575.1.00,1.0.00
R1918,,3575.1.00,3576.1.00,1.0.00
R1919,RIDE_BOW_VELOCITY_7_7,3576.1.00,3580.1.00,1.0.00
R1920,,3580.1.00,3581.1.00,1.0.00
R1921,RIDE_BOW_VELOCITY_7_8,3581.1.00,3585.1.00,1.0.00
R1922,,3585.1.00,3586.1.00,1.0.00
R1923,RIDE_BELL_VELOCITY_0_1,3586.1.00,3590.1.00,1.0.00
R1924,,3590.1.00,3591.1.00,1.0.00
R1925,RIDE_BELL_VELOCITY_0_2,3591.1.00,3595.1.00,1.0.00
R1926,,3595.1.00,3596.1.00,1.0.00
R1927,RIDE_BELL_VELOCITY_0_3,3596.1.00,3600.1.00,1.0.00
R1928,,3600.1.00,3601.1.00,1.0.00
R1929,RIDE_BELL_VELOCITY_0_4,3601.1.00,3605.1.00,1.0.00
R1930,,3605.1.00,3606.1.00,1.0.00
R1931,RIDE_BELL_VELOCITY_0_5,3606.1.00,3610.1.00,1.0.00
R1932,,3610.1.00,3611.1.00,1.0.00
R1933,RIDE_BELL_VELOCITY_0_6,3611.1.00,3615.1.00,1.0.00
R1934,,3615.1.00,3616.1.00,1.0.00
R1935,RIDE_BELL_VELOCITY_0_7,3616.1.00,3620.1.00,1.0.00
R1936,,3620.1.00,3621.1.00,1.0.00
R1937,RIDE_BELL_VELOCITY_0_8,3621.1.00,3625.1.00,1.0.00
R1938,,3625.1.00,3626.1.00,1.0.00
R1939,RIDE_BELL_VELOCITY_1_1,3626.1.00,3630.1.00,1.0.00
R1940,,3630.1.00,3631.1.00,1.0.00
R1941,RIDE_BELL_VELOCITY_1_2,3631.1.00,3635.1.00,1.0.00
R1942,,3635.1.00,3636.1.00,1.0.00
R1943,RIDE_BELL_VELOCITY_1_3,3636.1.00,3640.1.00,1.0.00
R1944,,3640.1.00,3641.1.00,1.0.00
R1945,RIDE_BELL_VELOCITY_1_4,3641.1.00,3645.1.00,1.0.00
R1946,,3645.1.00,3646.1.00,1.0.00
R1947,RIDE_BELL_VELOCITY_1_5,3646.1.00,3650.1.00,1.0.00
R1948,,3650.1.00,3651.1.00,1.0.00
R1949,RIDE_BELL_VELOCITY_1_6,3651.1.00,3655.1.00,1.0.00
R1950,,3655.1.00,3656.1.00,1.0.00
R1951,RIDE_BELL_VELOCITY_1_7,3656.1.00,3660.1.00,1.0.00
R1952,,3660.1.00,3661.1.00,1.0.00
R1953,RIDE_BELL_VELOCITY_1_8,3661.1.00,3665.1.00,1.0.00
R1954,,3665.1.00,3666.1.00,1.0.00
R1955,RIDE_BELL_VELOCITY_2_1,3666.1.00,3670.1.00,1.0.00
R1956,,3670.1.00,3671.1.00,1.0.00
R1957,RIDE_BELL_VELOCITY_2_2,3671.1.00,3675.1.00,1.0.00
R1958,,3675.1.00,3676.1.00,1.0.00
R1959,RIDE_BELL_VELOCITY_2_3,3676.1.00,3680.1.00,1.0.00
R1960,,3680.1.00,3681.1.00,1.0.00
R1961,RIDE_BELL_VELOCITY_2_4,3681.1.00,3685.1.00,1.0.00
R1962,,3685.1.00,3686.1.00,1.0.00
R1963,RIDE_BELL_VELOCITY_2_5,3686.1.00,3690.1.00,1.0.00
R1964,,3690.1.00,3691.1.00,1.0.00
R1965,RIDE_BELL_VELOCITY_2_6,3691.1.00,3695.1.00,1.0.00
R1966,,3695.1.00,3696.1.00,1.0.00
R1967,RIDE_BELL_VELOCITY_2_7,3696.1.00,3700.1.00,1.0.00
R1968,,3700.1.00,3701.1.00,1.0.00
R1969,RIDE_BELL_VELOCITY_2_8,3701.1.00,3705.1.00,1.0.00
R1970,,3705.1.00,3706.1.00,1.0.00
R1971,RIDE_BELL_VELOCITY_3_1,3706.1.00,3710.1.00,1.0.00
R1972,,3710.1.00,3711.1.00,1.0.00
R1973,RIDE_BELL_VELOCITY_3_2,3711.1.00,3715.1.00,1.0.00
R1974,,3715.1.00,3716.1.00,1.0.00
R1975,RIDE_BELL_VELOCITY_3_3,3716.1.00,3720.1.00,1.0.00
R1976,,3720.1.00,3721.1.00,1.0.00
R1977,RIDE_BELL_VELOCITY_3_4,3721.1.00,3725.1.00,1.0.00
R1978,,3725.1.00,3726.1.00,1.0.00
R1979,RIDE_BELL_VELOCITY_3_5,3726.1.00,3730.1.00,1.0.00
R1980,,3730.1.00,3731.1.00,1.0.00
R1981,RIDE_BELL_VELOCITY_3_6,3731.1.00,3735.1.00,1.0.00
R1982,,3735.1.00,3736.1.00,1.0.00
R1983,RIDE_BELL_VELOCITY_3_7,3736.1.00,3740.1.00,1.0.00
R1984,,3740.1.00,3741.1.00,1.0.00
R1985,RIDE_BELL_VELOCITY_3_8,3741.1.00,3745.1.00,1.0.00
R1986,,3745.1.00,3746.1.00,1.0.00
R1987,RIDE_BELL_VELOCITY_4_1,3746.1.00,3750.1.00,1.0.00
R1988,,3750.1.00,3751.1.00,1.0.00
R1989,RIDE_BELL_VELOCITY_4_2,3751.1.00,3755.1.00,1.0.00
R1990,,3755.1.00,3756.1.00,1.0.00
R1991,RIDE_BELL_VELOCITY_4_3,3756.1.00,3760.1.00,1.0.00
R1992,,3760.1.00,3761.1.00,1.0.00
R1993,RIDE_BELL_VELOCITY_4_4,3761.1.00,3765.1.00,1.0.00
R1994,,3765.1.00,3766.1.00,1.0.00
R1995,RIDE_BELL_VELOCITY_4_5,3766.1.00,3770.1.00,1.0.00
R1996,,3770.1.00,3771.1.00,1.0.00
R1997,RIDE_BELL_VELOCITY_4_6,3771.1.00,3775.1.00,1.0.00
R1998,,3775.1.00,3776.1.00,1.0.00
R1999,RIDE_BELL_VELOCITY_4_7,3776.1.00,3780.1.00,1.0.00
R2000,,3780.1.00,3781.1.00,1.0.00
R2001,RIDE_BELL_VELOCITY_4_8,3781.1.00,3785.1.00,1.0.00
R2002,,3785.1.00,3786.1.00,1.0.00
R2003,RIDE_BELL_VELOCITY_5_1,3786.1.00,3790.1.00,1.0.00
R2004,,3790.1.00,3791.1.00,1.0.00
R2005,RIDE_BELL_VELOCITY_5_2,3791.1.00,3795.1.00,1.0.00
R2006,,3795.1.00,3796.1.00,1.0.00
R2007,RIDE_BELL_VELOCITY_5_3,3796.1.00,3800.1.00,1.0.00
R2008,,3800.1.00,3801.1.00,1.0.00
R2009,RIDE_BELL_VELOCITY_5_4,3801.1.00,3805.1.00,1.0.00
R2010,,3805.1.00,3806.1.00,1.0.00
R2011,RIDE_BELL_VELOCITY_5_5,3806.1.00,3810.1.00,1.0.00
R2012,,3810.1.00,3811.1.00,1.0.00
R2013,RIDE_BELL_VELOCITY_5_6,3811.1.00,3815.1.00,1.0.00
R2014,,3815.1.00,3816.1.00,1.0.00
R2015,RIDE_BELL_VELOCITY_5_7,3816.1.00,3820.1.00,1.0.00
R2016,,3820.1.00,3821.1.00,1.0.00
R2017,RIDE_BELL_VELOCITY_5_8,3821.1.00,3825.1.00,1.0.00
R2018,,3825.1.00,3826.1.00,1.0.00
R2019,RIDE_BELL_VELOCITY_6_1,3826.1.00,3830.1.00,1.0.00
R2020,,3830.1.00,3831.1.00,1.0.00
R2021,RIDE_BELL_VELOCITY_6_2,3831.1.00,3835.1.00,1.0.00
R2022,,3835.1.00,3836.1.00,1.0.00
R2023,RIDE_BELL_VELOCITY_6_3,3836.1.00,3840.1.00,1.0.00
R2024,,3840.1.00,3841.1.00,1.0.00
R2025,RIDE_BELL_VELOCITY_6_4,3841.1.00,3845.1.00,1.0.00
R2026,,3845.1.00,3846.1.00,1.0.00
R2027,RIDE_BELL_VELOCITY_6_5,3846.1.00,3850.1.00,1.0.00
R2028,,3850.1.00,3851.1.00,1.0.00
R2029,RIDE_BELL_VELOCITY_6_6,3851.1.00,3855.1.00,1.0.00
R2030,,3855.1.00,3856.1.00,1.0.00
R2031,RIDE_BELL_VELOCITY_6_7,3856.1.00,3860.1.00,1.0.00
R2032,,3860.1.00,3861.1.00,1.0.00
R2033,RIDE_BELL_VELOCITY_6_8,3861.1.00,3865.1.00,1.0.00
R2034,,3865.1.00,3866.1.00,1.0.00
R2035,RIDE_BELL_VELOCITY_7_1,3866.1.00,3870.1.00,1.0.00
R2036,,3870.1.00,3871.1.00,1.0.00
R2037,RIDE_BELL_VELOCITY_7_2,3871.1.00,3875.1.00,1.0.00
R2038,,3875.1.00,3876.1.00,1.0.00
R2039,RIDE_BELL_VELOCITY_7_3,3876.1.00,3880.1.00,1.0.00
R2040,,3880.1.00,3881.1.00,1.0.00
R2041,RIDE_BELL_VELOCITY_7_4,3881.1.00,3885.1.00,1.0.00
R2042,,3885.1.00,3886.1.00,1.0.00
R2043,RIDE_BELL_VELOCITY_7_5,3886.1.00,3890.1.00,1.0.00
R2044,,3890.1.00,3891.1.00,1.0.00
R2045,RIDE_BELL_VELOCITY_7_6,3891.1.00,3895.1.00,1.0.00
R2046,,3895.1.00,3896.1.00,1.0.00
R2047,RIDE_BELL_VELOCITY_7_7,3896.1.00,3900.1.00,1.0.00
R2048,,3900.1.00,3901.1.00,1.0.00
R2049,RIDE_BELL_VELOCITY_7_8,3901.1.00,3905.1.00,1.0.00
R2050,,3905.1.00,3906.1.00,1.0.00
R2051,RIDE_EDGE_VELOCITY_0_1,3906.1.00,3910.1.00,1.0.00
R2052,,3910.1.00,3911.1.00,1.0.00
R2053,RIDE_EDGE_VELOCITY_0_2,3911.1.00,3915.1.00,1.0.00
R2054,,3915.1.00,3916.1.00,1.0.00
R2055,RIDE_EDGE_VELOCITY_0_3,3916.1.00,3920.1.00,1.0.00
R2056,,3920.1.00,3921.1.00,1.0.00
R2057,RIDE_EDGE_VELOCITY_0_4,3921.1.00,3925.1.00,1.0.00
R2058,,3925.1.00,3926.1.00,1.0.00
R2059,RIDE_EDGE_VELOCITY_0_5,3926.1.00,3930.1.00,1.0.00
R2060,,3930.1.00,3931.1.00,1.0.00
R2061,RIDE_EDGE_VELOCITY_0_6,3931.1.00,3935.1.00,1.0.00
R2062,,3935.1.00,3936.1.00,1.0.00
R2063,RIDE_EDGE_VELOCITY_0_7,3936.1.00,3940.1.00,1.0.00
R2064,,3940.1.00,3941.1.00,1.0.00
R2065,RIDE_EDGE_VELOCITY_0_8,3941.1.00,3945.1.00,1.0.00
R2066,,3945.1.00,3946.1.00,1.0.00
R2067,RIDE_EDGE_VELOCITY_1_1,3946.1.00,3950.1.00,1.0.00
R2068,,3950.1.00,3951.1.00,1.0.00
R2069,RIDE_EDGE_VELOCITY_1_2,3951.1.00,3955.1.00,1.0.00
R2070,,3955.1.00,3956.1.00,1.0.00
R2071,RIDE_EDGE_VELOCITY_1_3,3956.1.00,3960.1.00,1.0.00
R2072,,3960.1.00,3961.1.00,1.0.00
R2073,RIDE_EDGE_VELOCITY_1_4,3961.1.00,3965.1.00,1.0.00
R2074,,3965.1.00,3966.1.00,1.0.00
R2075,RIDE_EDGE_VELOCITY_1_5,3966.1.00,3970.1.00,1.0.00
R2076,,3970.1.00,3971.1.00,1.0.00
R2077,RIDE_EDGE_VELOCITY_1_6,3971.1.00,3975.1.00,1.0.00
R2078,,3975.1.00,3976.1.00,1.0.00
R2079,RIDE_EDGE_VELOCITY_1_7,3976.1.00,3980.1.00,1.0.00
R2080,,3980.1.00,3981.1.00,1.0.00
R2081,RIDE_EDGE_VELOCITY_1_8,3981.1.00,3985.1.00,1.0.00
R2082,,3985.1.00,3986.1.00,1.0.00
R2083,RIDE_EDGE_VELOCITY_2_1,3986.1.00,3990.1.00,1.0.00
R2084,,3990.1.00,3991.1.00,1.0.00
R2085,RIDE_EDGE_VELOCITY_2_2,3991.1.00,3995.1.00,1.0.00
R2086,,3995.1.00,3996.1.00,1.0.00
R2087,RIDE_EDGE_VELOCITY_2_3,3996.1.00,4000.1.00,1.0.00
R2088,,4000.1.00,4001.1.00,1.0.00
R2089,RIDE_EDGE_VELOCITY_2_4,4001.1.00,4005.1.00,1.0.00
R2090,,4005.1.00,4006.1.00,1.0.00
R2091,RIDE_EDGE_VELOCITY_2_5,4006.1.00,4010.1.00,1.0.00
R2092,,4010.1.00,4011.1.00,1.0.00
R2093,RIDE_EDGE_VELOCITY_2_6,4011.1.00,4015.1.00,1.0.00
R2094,,4015.1.00,4016.1.00,1.0.00
R2095,RIDE_EDGE_VELOCITY_2_7,4016.1.00,4020.1.00,1.0.00
R2096,,4020.1.00,4021.1.00,1.0.00
R2097,RIDE_EDGE_VELOCITY_2_8,4021.1.00,4025.1.00,1.0.00
R2098,,4025.1.00,4026.1.00,1.0.00
R2099,RIDE_EDGE_VELOCITY_3_1,4026.1.00,4030.1.00,1.0.00
R2100,,4030.1.00,4031.1.00,1.0.00
R2101,RIDE_EDGE_VELOCITY_3_2,4031.1.00,4035.1.00,1.0.00
R2102,,4035.1.00,4036.1.00,1.0.00
R2103,RIDE_EDGE_VELOCITY_3_3,4036.1.00,4040.1.00,1.0.00
R2104,,4040.1.00,4041.1.00,1.0.00
R2105,RIDE_EDGE_VELOCITY_3_4,4041.1.00,4045.1.00,1.0.00
R2106,,4045.1.00,4046.1.00,1.0.00
R2107,RIDE_EDGE_VELOCITY_3_5,4046.1.00,4050.1.00,1.0.00
R2108,,4050.1.00,4051.1.00,1.0.00
R2109,RIDE_EDGE_VELOCITY_3_6,4051.1.00,4055.1.00,1.0.00
R2110,,4055.1.00,4056.1.00,1.0.00
R2111,RIDE_EDGE_VELOCITY_3_7,4056.1.00,4060.1.00,1.0.00
R2112,,4060.1.00,4061.1.00,1.0.00
R2113,RIDE_EDGE_VELOCITY_3_8,4061.1.00,4065.1.00,1.0.00
R2114,,4065.1.00,4066.1.00,1.0.00
R2115,RIDE_EDGE_VELOCITY_4_1,4066.1.00,4070.1.00,1.0.00
R2116,,4070.1.00,4071.1.00,1.0.00
R2117,RIDE_EDGE_VELOCITY_4_2,4071.1.00,4075.1.00,1.0.00
R2118,,4075.1.00,4076.1.00,1.0.00
R2119,RIDE_EDGE_VELOCITY_4_3,4076.1.00,4080.1.00,1.0.00
R2120,,4080.1.00,4081.1.00,1.0.00
R2121,RIDE_EDGE_VELOCITY_4_4,4081.1.00,4085.1.00,1.0.00
R2122,,4085.1.00,4086.1.00,1.0.00
R2123,RIDE_EDGE_VELOCITY_4_5,4086.1.00,4090.1.00,1.0.00
R2124,,4090.1.00,4091.1.00,1.0.00
R2125,RIDE_EDGE_VELOCITY_4_6,4091.1.00,4095.1.00,1.0.00
R2126,,4095.1.00,4096.1.00,1.0.00
R2127,RIDE_EDGE_VELOCITY_4_7,4096.1.00,4100.1.00,1.0.00
R2128,,4100.1.00,4101.1.00,1.0.00
R2129,RIDE_EDGE_VELOCITY_4_8,4101.1.00,4105.1.00,1.0.00
R2130,,4105.1.00,4106.1.00,1.0.00
R2131,RIDE_EDGE_VELOCITY_5_1,4106.1.00,4110.1.00,1.0.00
R2132,,4110.1.00,4111.1.00,1.0.00
R2133,RIDE_EDGE_VELOCITY_5_2,4111.1.00,4115.1.00,1.0.00
R2134,,4115.1.00,4116.1.00,1.0.00
R2135,RIDE_EDGE_VELOCITY_5_3,4116.1.00,4120.1.00,1.0.00
R2136,,4120.1.00,4121.1.00,1.0.00
R2137,RIDE_EDGE_VELOCITY_5_4,4121.1.00,4125.1.00,1.0.00
R2138,,4125.1.00,4126.1.00,1.0.00
R2139,RIDE_EDGE_VELOCITY_5_5,4126.1.00,4130.1.00,1.0.00
R2140,,4130.1.00,4131.1.00,1.0.00
R2141,RIDE_EDGE_VELOCITY_5_6,4131.1.00,4135.1.00,1.0.00
R2142,,4135.1.00,4136.1.00,1.0.00
R2143,RIDE_EDGE_VELOCITY_5_7,4136.1.00,4140.1.00,1.0.00
R2144,,4140.1.00,4141.1.00,1.0.00
R2145,RIDE_EDGE_VELOCITY_5_8,4141.1.00,4145.1.00,1.0.00
R2146,,4145.1.00,4146.1.00,1.0.00
R2147,RIDE_EDGE_VELOCITY_6_1,4146.1.00,4150.1.00,1.0.00
R2148,,4150.1.00,4151.1.00,1.0.00
R2149,RIDE_EDGE_VELOCITY_6_2,4151.1.00,4155.1.00,1.0.00
R2150,,4155.1.00,4156.1.00,1.0.00
R2151,RIDE_EDGE_VELOCITY_6_3,4156.1.00,4160.1.00,1.0.00
R2152,,4160.1.00,4161.1.00,1.0.00
R2153,RIDE_EDGE_VELOCITY_6_4,4161.1.00,4165.1.00,1.0.00
R2154,,4165.1.00,4166.1.00,1.0.00
R2155,RIDE_EDGE_VELOCITY_6_5,4166.1.00,4170.1.00,1.0.00
R2156,,4170.1.00,4171.1.00,1.0.00
R2157,RIDE_EDGE_VELOCITY_6_6,4171.1.00,4175.1.00,1.0.00
R2158,,4175.1.00,4176.1.00,1.0.00
R2159,RIDE_EDGE_VELOCITY_6_7,4176.1.00,4180.1.00,1.0.00
R2160,,4180.1.00,4181.1.00,1.0.00
R2161,RIDE_EDGE_VELOCITY_6_8,4181.1.00,4185.1.00,1.0.00
R2162,,4185.1.00,4186.1.00,1.0.00
R2163,RIDE_EDGE_VELOCITY_7_1,4186.1.00,4190.1.00,1.0.00
R2164,,4190.1.00,4191.1.00,1.0.00
R2165,RIDE_EDGE_VELOCITY_7_2,4191.1.00,4195.1.00,1.0.00
R2166,,4195.1.00,4196.1.00,1.0.00
R2167,RIDE_EDGE_VELOCITY_7_3,4196.1.00,4200.1.00,1.0.00
R2168,,4200.1.00,4201.1.00,1.0.00
R2169,RIDE_EDGE_VELOCITY_7_4,4201.1.00,4205.1.00,1.0.00
R2170,,4205.1.00,4206.1.00,1.0.00
R2171,RIDE_EDGE_VELOCITY_7_5,4206.1.00,4210.1.00,1.0.00
R2172,,4210.1.00,4211.1.00,1.0.00
R2173,RIDE_EDGE_VELOCITY_7_6,4211.1.00,4215.1.00,1.0.00
R2174,,4215.1.00,4216.1.00,1.0.00
R2175,RIDE_EDGE_VELOCITY_7_7,4216.1.00,4220.1.00,1.0.00
R2176,,4220.1.00,4221.1.00,1.0.00
R2177,RIDE_EDGE_VELOCITY_7_8,4221.1.00,4225.1.00,1.0.00
R2178,,4225.1.00,4226.1.00,1.0.00
semi;colon